"Å¸¼®¹øÈ£";"ÆÀ¸í";"game_no";"name";"µî¹øÈ£";"Å¸¼®";"Å¸¼ö";"µæÁ¡";"Å¸Á¡";"¾ÈÅ¸";"1·çÅ¸";"2·çÅ¸";"3·çÅ¸";"È¨·±";"4±¸";"»ç±¸";"»ïÁø";"µµ·ç";"ÈñÅ¸";"Èñºñ";"¶¥º¼";"¶á°ø";"ÀÚ»ì";"º¸»ì";"½ÇÃ¥"
"1";"Â©À¯";"1";"ÀÌ°æÁØ";NULL;"2";"0";"2";"0";"0";"0";"0";"0";"0";"2";"0";"0";"0";"0";"0";"0";"0";"0";"0";"0"
"2";"Â©À¯";"1";"Á¶¿øÁØ";NULL;"4";"4";"1";"2";"1";"1";"0";"0";"0";"0";"0";"0";"0";"0";"0";"0";"0";"0";"0";"0"
"3";"Â©À¯";"1";"³²ÁøÈÆ";NULL;"4";"4";"1";"2";"2";"1";"1";"0";"0";"0";"0";"2";"0";"0";"0";"0";"0";"0";"0";"0"
"4";"Â©À¯";"1";"¼­ÁØ»ó";NULL;"4";"3";"0";"0";"0";"0";"0";"0";"0";"1";"0";"0";"0";"0";"0";"0";"0";"0";"0";"0"
"5";"Â©À¯";"1";"¹ÚÁ¤¿ì";NULL;"4";"3";"2";"0";"2";"0";"2";"0";"0";"1";"0";"0";"0";"0";"0";"0";"0";"0";"0";"0"
"6";"Â©À¯";"1";"ÀÌÃ¶¹Î";NULL;"4";"4";"0";"1";"1";"1";"0";"0";"0";"0";"0";"0";"0";"0";"0";"0";"0";"0";"0";"0"
"7";"Â©À¯";"1";"±èÀ±¼º";NULL;"4";"3";"2";"0";"1";"1";"0";"0";"0";"0";"0";"2";"0";"0";"0";"0";"0";"0";"0";"0"
"8";"Â©À¯";"1";"¿©ÇöÃ¶";NULL;"1";"0";"2";"0";"0";"0";"0";"0";"0";"1";"0";"0";"0";"0";"0";"0";"0";"0";"0";"0"
"9";"Â©À¯";"1";"ÃÖ¸ñ";NULL;"3";"3";"0";"0";"0";"0";"0";"0";"0";"0";"0";"1";"0";"0";"0";"0";"0";"0";"0";"0"
"10";"Â©À¯";"1";"±è¹«°Ç";NULL;"3";"3";"2";"1";"2";"1";"1";"0";"0";"0";"0";"0";"0";"0";"0";"0";"0";"0";"0";"0"
"11";"Â©À¯";"1";"±èÀçÇö";NULL;"2";"1";"0";"0";"1";"1";"0";"0";"0";"1";"0";"0";"0";"0";"0";"0";"0";"0";"0";"0"
"12";"Â©À¯";"1";"±è¸íÂù";NULL;"1";"1";"0";"0";"0";"0";"0";"0";"0";"0";"0";"1";"0";"0";"0";"0";"0";"0";"0";"0"
"13";"Â©À¯";"1";"º¯ÀÎ¿ì";NULL;"1";"1";"0";"0";"0";"0";"0";"0";"0";"0";"0";"1";"0";"0";"0";"0";"0";"0";"0";"0"
"14";"Â©À¯";"2";"ÀÌÁ¤·æ";NULL;"4";"4";"2";"0";"2";"0";"2";"0";"0";"0";"0";"1";"0";"0";"0";"0";"0";"0";"0";"0"
"15";"Â©À¯";"2";"³²ÁøÈÆ";NULL;"3";"1";"1";"1";"0";"0";"0";"0";"0";"2";"0";"0";"0";"1";"0";"0";"0";"0";"0";"0"
"16";"Â©À¯";"2";"±è¹«°Ç";NULL;"3";"2";"0";"2";"2";"2";"0";"0";"0";"1";"0";"0";"1";"0";"0";"0";"0";"0";"0";"0"
"17";"Â©À¯";"2";"±è¸íÂù";NULL;"3";"1";"0";"0";"0";"0";"0";"0";"0";"2";"0";"0";"0";"1";"0";"0";"0";"0";"0";"0"
"18";"Â©À¯";"2";"±èÀ±¼º";NULL;"3";"0";"0";"1";"0";"0";"0";"0";"0";"3";"0";"0";"0";"0";"0";"0";"0";"0";"0";"0"
"19";"Â©À¯";"2";"±èÀçÇö";NULL;"3";"3";"0";"0";"0";"0";"0";"0";"0";"0";"0";"3";"0";"0";"0";"0";"0";"0";"0";"0"
"20";"Â©À¯";"2";"±èÇü¿í";NULL;"3";"3";"0";"0";"0";"0";"0";"0";"0";"0";"0";"0";"0";"0";"0";"0";"0";"0";"0";"0"
"21";"Â©À¯";"2";"ÃÖ¸ñ";NULL;"3";"3";"0";"0";"1";"1";"0";"0";"0";"0";"0";"1";"0";"0";"0";"1";"0";"0";"0";"0"
"22";"Â©À¯";"2";"º¯ÀÎ¿ì";NULL;"3";"1";"1";"0";"0";"0";"0";"0";"0";"2";"0";"0";"0";"0";"0";"0";"0";"0";"0";"0"
"23";"Â©À¯";"3";"Á¶¿øÁØ";NULL;"4";"3";"3";"1";"3";"2";"1";"0";"0";"1";"0";"0";"1";"0";"0";"0";"0";"0";"0";"0"
"24";"Â©À¯";"3";"³²ÁøÈÆ";NULL;"4";"4";"1";"0";"0";"0";"0";"0";"0";"0";"0";"1";"0";"0";"0";"1";"1";"0";"0";"0"
"25";"Â©À¯";"3";"±è¹«°Ç";NULL;"4";"3";"3";"2";"3";"2";"1";"0";"0";"0";"0";"0";"2";"0";"0";"0";"0";"0";"0";"0"
"26";"Â©À¯";"3";"¼­ÁØ»ó";NULL;"4";"4";"1";"3";"2";"2";"0";"0";"0";"0";"0";"0";"0";"0";"0";"0";"1";"0";"0";"0"
"27";"Â©À¯";"3";"¹ÚÁ¤¿ì";NULL;"4";"3";"2";"1";"2";"1";"1";"0";"0";"0";"0";"0";"0";"0";"0";"0";"1";"0";"0";"0"
"28";"Â©À¯";"3";"º¯ÀÎ¿ì";NULL;"3";"2";"0";"1";"1";"1";"0";"0";"0";"0";"0";"0";"0";"0";"0";"0";"1";"0";"0";"0"
"29";"Â©À¯";"3";"ÀÌÃ¶¹Î";NULL;"3";"3";"2";"0";"1";"1";"0";"0";"0";"0";"0";"0";"2";"0";"0";"0";"1";"0";"0";"0"
"30";"Â©À¯";"3";"ÀÌ°æÁØ";NULL;"3";"1";"2";"0";"1";"1";"0";"0";"0";"1";"0";"0";"2";"0";"0";"0";"0";"0";"0";"0"
"31";"Â©À¯";"3";"ÀÌÁ¤·æ";NULL;"2";"2";"1";"0";"1";"1";"0";"0";"0";"0";"0";"1";"0";"0";"0";"0";"0";"0";"0";"0"
"32";"Â©À¯";"3";"ÃÖ¸ñ";NULL;"1";"1";"1";"0";"1";"1";"0";"0";"0";"0";"0";"0";"0";"0";"0";"0";"0";"0";"0";"0"
"33";"Â©À¯";"4";"¼Õ¿µ¼®";NULL;"4";"2";"2";"0";"1";"1";"0";"0";"0";"1";"0";"1";"2";"0";"0";"0";"0";"0";"0";"0"
"34";"Â©À¯";"4";"±è¹«°Ç";NULL;"4";"1";"2";"0";"0";"0";"0";"0";"0";"3";"0";"1";"2";"0";"0";"0";"0";"0";"0";"0"
"35";"Â©À¯";"4";"¼­ÁØ»ó";NULL;"4";"3";"2";"3";"2";"2";"0";"0";"0";"0";"0";"0";"1";"0";"0";"1";"0";"0";"0";"0"
"36";"Â©À¯";"4";"¹ÚÁ¤¿ì";NULL;"4";"3";"2";"2";"2";"1";"1";"0";"0";"1";"0";"0";"1";"0";"0";"0";"1";"0";"0";"0"
"37";"Â©À¯";"4";"ÀÌÃ¶¹Î";NULL;"4";"3";"0";"1";"1";"1";"0";"0";"0";"1";"0";"1";"0";"0";"0";"1";"0";"0";"0";"0"
"38";"Â©À¯";"4";"±è¸íÂù";NULL;"3";"2";"1";"1";"1";"1";"0";"0";"0";"1";"0";"1";"1";"0";"0";"0";"0";"0";"0";"0"
"39";"Â©À¯";"4";"±èÀ±¼º";NULL;"3";"0";"1";"1";"0";"0";"0";"0";"0";"2";"0";"0";"1";"0";"0";"0";"0";"0";"0";"0"
"40";"Â©À¯";"4";"ÃÖ¸ñ";NULL;"3";"3";"1";"3";"2";"1";"1";"0";"0";"0";"0";"0";"0";"0";"0";"0";"0";"0";"0";"0"
"41";"Â©À¯";"4";"ÀÌÅÂ¿±";NULL;"2";"1";"1";"1";"1";"1";"0";"0";"0";"1";"0";"0";"1";"0";"0";"0";"0";"0";"0";"0"
"42";"Â©À¯";"5";"ÀÌÁ¤·æ";NULL;"2";"1";"1";"0";"0";"0";"0";"0";"0";"1";"0";"1";"1";"0";"0";"0";"0";"0";"0";"0"
"43";"Â©À¯";"5";"ÃÖ¸ñ";NULL;"2";"1";"0";"0";"1";"1";"0";"0";"0";"0";"0";"1";"0";"0";"0";"0";"0";"0";"0";"0"
"44";"Â©À¯";"5";"±è¸íÂù";NULL;"1";"1";"1";"1";"0";"0";"0";"0";"0";"0";"0";"0";"2";"0";"0";"1";"0";"0";"0";"0"
"45";"Â©À¯";"5";"¼­ÁØ»ó";NULL;"1";"1";"0";"0";"0";"0";"0";"0";"0";"0";"0";"0";"0";"0";"0";"0";"0";"0";"0";"0"
"46";"Â©À¯";"5";"ÀÌ°æÁØ";NULL;"1";"1";"0";"1";"1";"1";"0";"0";"0";"0";"0";"0";"0";"0";"0";"0";"0";"0";"0";"0"
"47";"Â©À¯";"5";"¿©ÇöÃ¶";NULL;"1";"1";"0";"0";"0";"0";"0";"0";"0";"0";"0";"1";"0";"0";"0";"0";"0";"0";"0";"0"
"48";"Â©À¯";"5";"±è¹«°Ç";NULL;"1";"1";"0";"0";"1";"0";"1";"0";"0";"0";"0";"0";"0";"0";"0";"0";"0";"0";"0";"0"
"49";"Â©À¯";"5";"Á¶¿øÁØ";NULL;"1";"1";"0";"0";"0";"0";"0";"0";"0";"0";"0";"1";"0";"0";"0";"0";"0";"0";"0";"0"
"50";"Â©À¯";"5";"ÀÌÃ¶¹Î";NULL;"1";"1";"0";"0";"0";"0";"0";"0";"0";"0";"0";"0";"0";"0";"0";"1";"0";"0";"0";"0"
"51";"Â©À¯";"5";"ÀÌÅÂ¿±";NULL;"1";"1";"0";"0";"0";"0";"0";"0";"0";"0";"0";"1";"0";"0";"0";"0";"0";"0";"0";"0"
"52";"Â©À¯";"6";"ÀÌÁ¤·æ";NULL;"4";"3";"1";"1";"2";"2";"0";"0";"0";"1";"0";"0";"0";"0";"0";"0";"0";"0";"0";"0"
"53";"Â©À¯";"6";"Á¶¿øÁØ";NULL;"4";"3";"0";"1";"1";"1";"0";"0";"0";"1";"0";"0";"1";"0";"0";"0";"0";"0";"0";"0"
"54";"Â©À¯";"6";"±è¹«°Ç";NULL;"4";"2";"0";"1";"1";"1";"0";"0";"0";"2";"0";"0";"0";"0";"0";"0";"0";"0";"0";"0"
"55";"Â©À¯";"6";"¹ÚÁ¤¿ì";NULL;"4";"4";"1";"0";"2";"2";"0";"0";"0";"0";"0";"0";"1";"0";"0";"0";"0";"0";"0";"0"
"56";"Â©À¯";"6";"¼­ÁØ»ó";NULL;"2";"2";"0";"0";"0";"0";"0";"0";"0";"0";"0";"0";"0";"0";"0";"0";"0";"0";"0";"0"
"57";"Â©À¯";"6";"ÀÌÃ¶¹Î";NULL;"4";"1";"1";"0";"1";"1";"0";"0";"0";"3";"0";"0";"0";"0";"0";"0";"0";"0";"0";"0"
"58";"Â©À¯";"6";"±èÀ±¼º";NULL;"4";"4";"2";"0";"1";"0";"1";"0";"0";"0";"0";"1";"0";"0";"0";"0";"0";"0";"0";"0"
"59";"Â©À¯";"6";"ÃÖ¸ñ";NULL;"3";"3";"2";"0";"3";"2";"1";"0";"0";"0";"0";"0";"1";"0";"0";"0";"0";"0";"0";"0"
"60";"Â©À¯";"6";"±è¸íÂù";NULL;"3";"3";"0";"1";"1";"1";"0";"0";"0";"0";"0";"0";"0";"0";"0";"0";"0";"0";"0";"0"
"61";"Â©À¯";"6";"ÀÌÅÂ¿±";NULL;"2";"1";"0";"2";"0";"0";"0";"0";"0";"1";"0";"1";"0";"0";"0";"0";"0";"0";"0";"0"
"62";"Â©À¯";"7";"Á¶¿øÁØ";NULL;"3";"3";"1";"0";"1";"1";"0";"0";"0";"0";"0";"0";"1";"0";"0";"2";"0";"0";"0";"0"
"63";"Â©À¯";"7";"ÀÌÁ¤·æ";NULL;"3";"3";"0";"0";"0";"0";"0";"0";"0";"0";"0";"1";"0";"0";"0";"2";"0";"0";"0";"0"
"64";"Â©À¯";"7";"±è¹«°Ç";NULL;"2";"1";"2";"0";"1";"0";"1";"0";"0";"1";"0";"0";"1";"0";"0";"0";"0";"0";"0";"0"
"65";"Â©À¯";"7";"¼Õ¿µ¼®";NULL;"1";"1";"1";"0";"0";"0";"0";"0";"0";"0";"0";"0";"0";"0";"0";"1";"0";"0";"0";"0"
"66";"Â©À¯";"7";"¼­ÁØ»ó";NULL;"3";"3";"1";"0";"0";"0";"0";"0";"0";"0";"0";"0";"1";"0";"0";"1";"2";"0";"0";"0"
"67";"Â©À¯";"7";"ÃÖ¸ñ";NULL;"3";"2";"0";"3";"1";"1";"0";"0";"0";"0";"0";"0";"0";"0";"1";"1";"0";"0";"0";"0"
"68";"Â©À¯";"7";"³²ÁøÈÆ";NULL;"3";"3";"0";"0";"0";"0";"0";"0";"0";"0";"0";"1";"0";"0";"0";"0";"2";"0";"0";"0"
"69";"Â©À¯";"7";"±è¸íÂù";NULL;"1";"1";"0";"0";"0";"0";"0";"0";"0";"0";"0";"1";"0";"0";"0";"0";"0";"0";"0";"0"
"70";"Â©À¯";"7";"ÀÌÃ¶¹Î";NULL;"2";"1";"0";"0";"0";"0";"0";"0";"0";"1";"0";"1";"0";"0";"0";"0";"0";"0";"0";"0"
"71";"Â©À¯";"7";"º¯ÀÎ¿ì";NULL;"2";"2";"1";"0";"1";"1";"0";"0";"0";"0";"0";"1";"0";"0";"0";"0";"0";"0";"0";"0"
"72";"Â©À¯";"7";"±èÀ±¼º";NULL;"1";"0";"0";"0";"0";"0";"0";"0";"0";"1";"0";"0";"1";"0";"0";"0";"0";"0";"0";"0"
"73";"Â©À¯";"7";"ÀÌÅÂ¿±";NULL;"1";"1";"0";"0";"0";"0";"0";"0";"0";"0";"0";"1";"0";"0";"0";"0";"0";"0";"0";"0"
"75";"Â©À¯";"9";"ÀÌÁ¤·æ";NULL;"3";"1";"2";"0";"0";"0";"0";"0";"0";"2";"0";"0";"2";"0";"0";"0";"1";"0";"0";"0"
"76";"Â©À¯";"9";"Á¶¿øÁØ";NULL;"3";"3";"1";"2";"1";"0";"1";"0";"0";"0";"0";"0";"1";"0";"0";"1";"0";"0";"0";"0"
"77";"Â©À¯";"9";"¹ÚÁ¤¿ì";NULL;"3";"3";"0";"0";"0";"0";"0";"0";"0";"0";"0";"1";"0";"0";"0";"1";"1";"0";"0";"0"
"78";"Â©À¯";"9";"ÀÌÃ¶¹Î";NULL;"3";"3";"2";"1";"2";"1";"1";"0";"0";"0";"0";"1";"1";"0";"0";"0";"0";"0";"0";"0"
"79";"Â©À¯";"9";"±è¹«°Ç";NULL;"3";"2";"0";"1";"1";"0";"1";"0";"0";"1";"0";"0";"0";"0";"0";"0";"1";"0";"0";"0"
"80";"Â©À¯";"9";"ÃÖ¸ñ";NULL;"3";"3";"0";"2";"2";"2";"0";"0";"0";"0";"0";"0";"2";"0";"0";"1";"0";"0";"0";"0"
"81";"Â©À¯";"9";"º¯ÀÎ¿ì";NULL;"2";"1";"0";"0";"0";"0";"0";"0";"0";"1";"0";"1";"0";"0";"0";"0";"0";"0";"0";"0"
"82";"Â©À¯";"9";"³²ÁøÈÆ";NULL;"2";"2";"0";"0";"1";"0";"1";"0";"0";"0";"0";"0";"2";"0";"0";"1";"0";"0";"0";"0"
"83";"Â©À¯";"9";"±è¸íÂù";NULL;"2";"2";"0";"0";"0";"0";"0";"0";"0";"0";"0";"1";"0";"0";"0";"0";"1";"0";"0";"0"
"84";"Â©À¯";"10";"ÀÌ°æÁØ";NULL;"3";"3";"3";"0";"2";"0";"2";"0";"0";"0";"0";"0";"2";"0";"0";"1";"0";"0";"0";"0"
"85";"Â©À¯";"10";"ÀÌÅÂ¿±";NULL;"3";"2";"1";"0";"0";"0";"0";"0";"0";"1";"0";"2";"1";"0";"0";"1";"0";"0";"0";"0"
"86";"Â©À¯";"10";"º¯ÀÎ¿ì";NULL;"3";"3";"0";"0";"0";"0";"0";"0";"0";"0";"0";"2";"0";"0";"0";"1";"0";"0";"0";"0"
"87";"Â©À¯";"10";"¼­ÁØ»ó";NULL;"3";"2";"2";"0";"1";"0";"1";"0";"0";"1";"0";"0";"3";"0";"0";"1";"0";"0";"0";"0"
"88";"Â©À¯";"10";"¹ÚÁ¤¿ì";NULL;"3";"3";"1";"2";"0";"0";"0";"0";"0";"0";"0";"0";"1";"0";"0";"1";"1";"0";"0";"0"
"89";"Â©À¯";"10";"±èÀ±¼º";NULL;"3";"2";"1";"0";"0";"0";"0";"0";"0";"1";"0";"0";"4";"0";"0";"1";"1";"0";"0";"0"
"90";"Â©À¯";"10";"ÀÌÃ¶¹Î";NULL;"3";"3";"0";"2";"1";"0";"1";"0";"0";"0";"0";"2";"1";"0";"0";"0";"0";"0";"0";"0"
"91";"Â©À¯";"10";"¿©ÇöÃ¶";NULL;"3";"2";"1";"0";"0";"0";"0";"0";"0";"1";"0";"2";"2";"0";"0";"0";"1";"0";"0";"0"
"92";"Â©À¯";"10";"ÃÖ¸ñ";NULL;"3";"2";"2";"0";"0";"0";"0";"0";"0";"1";"0";"0";"1";"0";"0";"1";"1";"0";"0";"0"
"93";"Â©À¯";"11";"ÀÌÁ¤·æ";NULL;"3";"1";"1";"0";"1";"1";"0";"0";"0";"1";"0";"0";"2";"0";"0";"0";"0";"0";"0";"0"
"94";"Â©À¯";"11";"ÀÌ°æÁØ";NULL;"3";"3";"1";"1";"1";"1";"0";"0";"0";"0";"0";"1";"2";"0";"0";"0";"1";"0";"0";"0"
"95";"Â©À¯";"11";"Á¶¿øÁØ";NULL;"3";"2";"1";"0";"0";"0";"0";"0";"0";"1";"0";"1";"0";"0";"1";"2";"0";"0";"0";"0"
"96";"Â©À¯";"11";"ÀÌÃ¶¹Î";NULL;"3";"3";"1";"0";"0";"0";"0";"0";"0";"0";"0";"1";"0";"0";"0";"1";"1";"0";"0";"0"
"97";"Â©À¯";"11";"¹ÚÁ¤¿ì";NULL;"3";"3";"2";"2";"1";"1";"0";"0";"0";"0";"0";"0";"2";"0";"0";"2";"0";"0";"0";"0"
"98";"Â©À¯";"11";"¼­ÁØ»ó";NULL;"3";"3";"1";"1";"2";"2";"0";"0";"0";"1";"0";"1";"1";"0";"0";"0";"1";"0";"0";"0"
"99";"Â©À¯";"11";"±è¹«°Ç";NULL;"3";"2";"0";"1";"0";"0";"0";"0";"0";"1";"0";"1";"1";"0";"0";"1";"0";"0";"0";"0"
"100";"Â©À¯";"11";"ÃÖ¸ñ";NULL;"3";"3";"1";"2";"1";"1";"0";"0";"0";"0";"0";"0";"1";"0";"0";"2";"0";"0";"0";"0"
"101";"Â©À¯";"11";"±èÀ±¼º";NULL;"2";"1";"0";"1";"1";"1";"0";"0";"0";"0";"0";"0";"1";"0";"0";"0";"1";"0";"0";"0"
"102";"Â©À¯";"12";"±è¹«°Ç";NULL;"3";"2";"0";"0";"0";"0";"0";"0";"0";"1";"0";"0";"0";"1";"1";"0";"0";"0";"0";"0"
"103";"Â©À¯";"12";"Á¶¿øÁØ";NULL;"3";"2";"0";"0";"0";"0";"0";"0";"0";"1";"0";"0";"1";"1";"1";"0";"0";"0";"0";"0"
"104";"Â©À¯";"12";"¹ÚÁ¤¿ì";NULL;"3";"3";"0";"0";"1";"1";"0";"0";"0";"0";"0";"0";"1";"1";"1";"0";"0";"0";"0";"0"
"105";"Â©À¯";"12";"ÃÖ¸ñ";NULL;"3";"3";"0";"0";"2";"2";"0";"0";"0";"0";"0";"0";"2";"1";"0";"0";"0";"0";"0";"0"
"106";"Â©À¯";"12";"¼­ÁØ»ó";NULL;"3";"2";"0";"0";"0";"0";"0";"0";"0";"1";"0";"0";"2";"2";"0";"0";"0";"0";"0";"0"
"107";"Â©À¯";"12";"ÀÌÃ¶¹Î";NULL;"3";"3";"0";"0";"0";"0";"0";"0";"0";"0";"0";"0";"0";"1";"2";"0";"0";"0";"0";"0"
"108";"Â©À¯";"12";"ÀÌ°æÁØ";NULL;"3";"2";"0";"0";"0";"0";"0";"0";"0";"1";"0";"0";"1";"2";"0";"0";"0";"0";"0";"0"
"109";"Â©À¯";"12";"±è¸íÂù";NULL;"3";"1";"0";"0";"0";"0";"0";"0";"0";"2";"0";"0";"0";"1";"0";"0";"0";"0";"0";"0"
"110";"Â©À¯";"12";"³²ÁøÈÆ";NULL;"3";"3";"0";"0";"0";"0";"0";"0";"0";"0";"0";"2";"0";"1";"0";"0";"0";"0";"0";"0"
"111";"Â©À¯";"13";"ÀÌÁ¤·æ";NULL;"4";"2";"1";"0";"0";"0";"0";"0";"0";"2";"0";"1";"0";"0";"0";"0";"1";"0";"0";"0"
"112";"Â©À¯";"13";"Á¶¿øÁØ";NULL;"4";"3";"1";"0";"0";"0";"0";"0";"0";"1";"0";"0";"1";"0";"0";"2";"1";"0";"0";"0"
"113";"Â©À¯";"13";"±è¹«°Ç";NULL;"4";"3";"2";"2";"2";"2";"0";"0";"0";"1";"0";"0";"0";"0";"0";"0";"1";"0";"0";"0"
"114";"Â©À¯";"13";"ÀÌÃ¶¹Î";NULL;"4";"4";"1";"2";"2";"0";"2";"0";"0";"0";"0";"1";"0";"0";"0";"0";"1";"0";"0";"0"
"115";"Â©À¯";"13";"¼­ÁØ»ó";NULL;"3";"3";"0";"2";"2";"1";"1";"0";"0";"0";"0";"0";"0";"0";"0";"1";"0";"0";"0";"0"
"116";"Â©À¯";"13";"ÃÖ¸ñ";NULL;"3";"3";"0";"0";"0";"0";"0";"0";"0";"0";"0";"1";"0";"0";"0";"0";"2";"0";"0";"0"
"117";"Â©À¯";"13";"±è¸íÂù";NULL;"3";"3";"0";"0";"0";"0";"0";"0";"0";"0";"0";"2";"0";"0";"0";"0";"0";"0";"0";"0"
"118";"Â©À¯";"13";"¿©ÇöÃ¶";NULL;"2";"2";"0";"0";"0";"0";"0";"0";"0";"0";"0";"1";"1";"0";"0";"1";"0";"0";"0";"0"
"119";"Â©À¯";"13";"±èÀ±¼º";NULL;"3";"1";"1";"0";"0";"0";"0";"0";"0";"2";"0";"0";"0";"0";"0";"1";"0";"0";"0";"0"
"120";"Â©À¯";"13";"¹ÚÁ¤¿ì";NULL;"1";"0";"1";"0";"0";"0";"0";"0";"0";"1";"0";"0";"0";"0";"0";"0";"0";"0";"0";"0"
"121";"Â©À¯";"18";"ÀÌÁ¤·æ";NULL;"6";"2";"4";"6";"2";"1";"0";"0";"1";"4";"0";"0";"1";"0";"0";"0";"0";"0";"0";"0"
"122";"Â©À¯";"18";"ÀÌ°æÁØ";NULL;"6";"3";"3";"3";"3";"3";"0";"0";"0";"3";"0";"0";"0";"0";"0";"0";"0";"0";"0";"0"
"123";"Â©À¯";"18";"¹ÚÁ¤¿ì";NULL;"6";"6";"3";"3";"2";"1";"1";"0";"0";"0";"0";"0";"0";"0";"0";"2";"1";"0";"0";"0"
"124";"Â©À¯";"18";"ÀÌÃ¶¹Î";NULL;"5";"3";"2";"3";"0";"0";"0";"0";"0";"2";"0";"0";"0";"0";"0";"1";"2";"0";"0";"0"
"125";"Â©À¯";"18";"±è¹«°Ç";NULL;"5";"4";"3";"3";"2";"2";"0";"0";"0";"0";"0";"0";"0";"0";"1";"1";"1";"0";"0";"0"
"126";"Â©À¯";"18";"¹®Á¾¿­";NULL;"5";"3";"4";"1";"3";"1";"2";"0";"0";"2";"0";"0";"3";"0";"0";"0";"0";"0";"0";"0"
"127";"Â©À¯";"18";"±è¸íÂù";NULL;"5";"4";"1";"2";"2";"2";"0";"0";"0";"1";"0";"2";"0";"0";"0";"0";"0";"0";"0";"0"
"128";"Â©À¯";"18";"³²ÁøÈÆ";NULL;"5";"1";"2";"2";"1";"1";"0";"0";"0";"3";"0";"0";"1";"0";"1";"0";"0";"0";"0";"0"
"129";"Â©À¯";"18";"¹®ÁØÇõ";NULL;"5";"3";"2";"0";"0";"0";"0";"0";"0";"2";"0";"2";"0";"0";"0";"1";"0";"0";"0";"0"
"130";"Â©À¯";"15";"±è¹«°Ç";NULL;"4";"2";"3";"0";"1";"1";"0";"0";"0";"2";"0";"0";"2";"0";"0";"1";"0";"0";"0";"0"
"131";"Â©À¯";"15";"ÀÌ°æÁØ";NULL;"4";"2";"1";"0";"0";"0";"0";"0";"0";"1";"0";"0";"0";"0";"0";"1";"2";"0";"0";"0"
"132";"Â©À¯";"15";"ÀÌÁ¤·æ";NULL;"4";"3";"2";"4";"1";"1";"0";"0";"0";"1";"0";"0";"2";"0";"0";"2";"0";"0";"0";"0"
"133";"Â©À¯";"15";"¼­ÁØ»ó";NULL;"4";"2";"0";"1";"0";"0";"0";"0";"0";"2";"0";"1";"1";"0";"0";"1";"0";"0";"0";"0"
"134";"Â©À¯";"15";"ÃÖ¸ñ";NULL;"4";"3";"0";"2";"2";"1";"1";"0";"0";"1";"0";"1";"0";"0";"0";"0";"0";"0";"0";"0"
"135";"Â©À¯";"15";"Á¶¿øÁØ";NULL;"4";"2";"0";"0";"0";"0";"0";"0";"0";"2";"0";"0";"0";"0";"0";"2";"0";"0";"0";"0"
"136";"Â©À¯";"15";"¹®Á¾¿­";NULL;"4";"3";"0";"0";"0";"0";"0";"0";"0";"1";"0";"1";"0";"0";"0";"0";"2";"0";"0";"0"
"137";"Â©À¯";"15";"ÀÌÃ¶¹Î";NULL;"4";"3";"1";"1";"1";"1";"0";"0";"0";"1";"0";"0";"1";"0";"0";"1";"1";"0";"0";"0"
"138";"Â©À¯";"15";"±è¸íÂù";NULL;"3";"2";"2";"1";"2";"2";"0";"0";"0";"1";"0";"0";"2";"0";"0";"0";"0";"0";"0";"0"
"139";"Â©À¯";"14";"ÀÌÁ¤·æ";NULL;"3";"2";"1";"0";"0";"0";"0";"0";"0";"1";"0";"2";"2";"0";"0";"0";"0";"0";"0";"0"
"140";"Â©À¯";"14";"¹ÚÁ¤¿ì";NULL;"2";"2";"0";"0";"0";"0";"0";"0";"0";"0";"0";"1";"0";"0";"0";"0";"1";"0";"0";"0"
"141";"Â©À¯";"14";"ÃÖ¸ñ";NULL;"2";"0";"1";"0";"0";"0";"0";"0";"0";"2";"0";"0";"1";"0";"0";"0";"0";"0";"0";"0"
"142";"Â©À¯";"14";"¼­ÁØ»ó";NULL;"2";"2";"0";"2";"1";"0";"1";"0";"0";"0";"0";"1";"0";"0";"0";"0";"0";"0";"0";"0"
"143";"Â©À¯";"14";"ÀÌÃ¶¹Î";NULL;"2";"1";"0";"0";"0";"0";"0";"0";"0";"1";"0";"1";"0";"0";"0";"0";"0";"0";"0";"0"
"144";"Â©À¯";"14";"±è¹«°Ç";NULL;"2";"1";"0";"0";"0";"0";"0";"0";"0";"1";"0";"1";"0";"0";"0";"0";"0";"0";"0";"0"
"145";"Â©À¯";"14";"±èÀ±¼º";NULL;"2";"2";"0";"0";"0";"0";"0";"0";"0";"0";"0";"1";"0";"0";"0";"1";"0";"0";"0";"0"
"146";"Â©À¯";"14";"±è¸íÂù";NULL;"2";"1";"0";"0";"0";"0";"0";"0";"0";"1";"0";"0";"0";"0";"0";"1";"0";"0";"0";"0"
"147";"Â©À¯";"14";"ÃÖÀÏÁØ";NULL;"2";"1";"0";"0";"0";"0";"0";"0";"0";"1";"0";"0";"0";"0";"0";"1";"0";"0";"0";"0"
"148";"Â©À¯";"17";"ÀÌÁ¤·æ";NULL;"3";"3";"1";"1";"1";"0";"1";"0";"0";"0";"0";"1";"0";"0";"0";"1";"0";"0";"0";"0"
"149";"Â©À¯";"17";"¹®Á¾¿­";NULL;"3";"3";"1";"2";"1";"0";"1";"0";"0";"0";"0";"1";"0";"0";"0";"1";"0";"0";"0";"0"
"150";"Â©À¯";"17";"±è¹«°Ç";NULL;"3";"3";"2";"1";"2";"1";"1";"0";"0";"0";"0";"0";"2";"0";"0";"0";"0";"0";"0";"0"
"151";"Â©À¯";"17";"ÀÌ°æÁØ";NULL;"3";"2";"0";"1";"1";"0";"1";"0";"0";"1";"0";"0";"2";"0";"0";"0";"1";"0";"0";"0"
"152";"Â©À¯";"17";"±èÀ±¼º";NULL;"3";"3";"0";"0";"0";"0";"0";"0";"0";"0";"0";"1";"0";"0";"0";"2";"0";"0";"0";"0"
"153";"Â©À¯";"17";"±è¸íÂù";NULL;"3";"3";"0";"0";"0";"0";"0";"0";"0";"0";"0";"2";"0";"0";"0";"1";"0";"0";"0";"0"
"154";"Â©À¯";"17";"À±µ¿Çö";NULL;"2";"0";"1";"0";"0";"0";"0";"0";"0";"2";"0";"0";"1";"0";"0";"0";"0";"0";"0";"0"
"155";"Â©À¯";"17";"ÀÌÅÂ¿±";NULL;"2";"2";"0";"0";"0";"0";"0";"0";"0";"0";"0";"1";"0";"0";"0";"1";"0";"0";"0";"0"
"156";"Â©À¯";"17";"ÃÖÀÏÁØ";NULL;"2";"1";"1";"0";"0";"0";"0";"0";"0";"1";"0";"1";"0";"0";"0";"0";"0";"0";"0";"0"
"157";"Â©À¯";"20";"±è¹«°Ç";NULL;"2";"1";"0";"0";"0";"0";"0";"0";"0";"1";"0";"1";"1";"0";"0";"0";"0";"0";"0";"0"
"158";"Â©À¯";"20";"³²ÁøÈÆ";NULL;"1";"1";"0";"0";"0";"0";"0";"0";"0";"0";"0";"1";"0";"0";"0";"0";"0";"0";"0";"0"
"159";"Â©À¯";"20";"ÀÌ°æÁØ";NULL;"3";"3";"0";"0";"0";"0";"0";"0";"0";"0";"0";"2";"0";"0";"0";"1";"0";"0";"0";"0"
"160";"Â©À¯";"20";"¹ÚÁ¤¿ì";NULL;"3";"3";"0";"0";"1";"1";"0";"0";"0";"0";"0";"1";"1";"0";"0";"1";"1";"0";"0";"0"
"161";"Â©À¯";"20";"¹®Á¾¿­";NULL;"3";"3";"1";"0";"1";"1";"0";"0";"0";"0";"0";"0";"2";"0";"0";"1";"0";"0";"0";"0"
"162";"Â©À¯";"20";"¼­ÁØ»ó";NULL;"3";"1";"1";"0";"0";"0";"0";"0";"0";"2";"0";"0";"1";"0";"0";"1";"0";"0";"0";"0"
"163";"Â©À¯";"20";"ÃÖ¸ñ";NULL;"3";"3";"1";"1";"2";"2";"0";"0";"0";"0";"0";"0";"0";"0";"0";"1";"0";"0";"0";"0"
"164";"Â©À¯";"20";"±èÀ±¼º";NULL;"2";"1";"0";"0";"0";"0";"0";"0";"0";"1";"0";"0";"1";"0";"0";"0";"0";"0";"0";"0"
"165";"Â©À¯";"20";"Á¤ÁöÈÆ";NULL;"0";"0";"0";"0";"0";"0";"0";"0";"0";"0";"0";"0";"0";"0";"0";"0";"0";"0";"0";"0"
"166";"Â©À¯";"20";"ÀÌÅÂ¿±";NULL;"2";"2";"0";"0";"0";"0";"0";"0";"0";"0";"0";"1";"0";"0";"0";"0";"0";"0";"0";"0"
"167";"Â©À¯";"20";"±è¸íÂù";NULL;"2";"2";"0";"2";"1";"1";"0";"0";"0";"0";"0";"0";"0";"0";"0";"1";"0";"0";"0";"0"
"168";"Â©À¯";"21";"ÀÌÁ¤·æ";NULL;"3";"3";"1";"1";"1";"1";"0";"0";"0";"0";"0";"2";"1";"0";"0";"0";"0";"0";"0";"0"
"169";"Â©À¯";"21";"Á¤ÁöÈÆ";NULL;"3";"1";"1";"0";"0";"0";"0";"0";"0";"2";"0";"0";"0";"0";"0";"1";"0";"0";"0";"0"
"170";"Â©À¯";"21";"±è¹«°Ç";NULL;"3";"3";"1";"2";"2";"2";"0";"0";"0";"0";"0";"0";"2";"0";"0";"1";"0";"0";"0";"0"
"171";"Â©À¯";"21";"¼­ÁØ»ó";NULL;"3";"2";"1";"1";"0";"0";"0";"0";"0";"1";"0";"1";"1";"0";"0";"1";"0";"0";"0";"0"
"172";"Â©À¯";"21";"¹ÚÁ¤¿ì";NULL;"3";"1";"1";"3";"0";"0";"0";"0";"0";"2";"0";"1";"3";"0";"0";"0";"0";"0";"0";"0"
"173";"Â©À¯";"21";"¹®Á¾¿­";NULL;"3";"3";"0";"0";"0";"0";"0";"0";"0";"0";"0";"3";"0";"0";"0";"0";"0";"0";"0";"0"
"174";"Â©À¯";"21";"±è¸íÂù";NULL;"2";"1";"1";"0";"0";"0";"0";"0";"0";"1";"0";"0";"0";"0";"0";"1";"0";"0";"0";"0"
"175";"Â©À¯";"21";"ÃÖ¸ñ";NULL;"1";"1";"0";"0";"0";"0";"0";"0";"0";"0";"0";"0";"0";"0";"0";"1";"0";"0";"0";"0"
"176";"Â©À¯";"21";"³²ÁøÈÆ";NULL;"2";"1";"1";"0";"0";"0";"0";"0";"0";"1";"0";"1";"0";"0";"0";"0";"0";"0";"0";"0"
"177";"Â©À¯";"21";"±èÀ±¼º";NULL;"0";"0";"0";"0";"0";"0";"0";"0";"0";"0";"0";"0";"0";"0";"0";"0";"0";"0";"0";"0"
"178";"Â©À¯";"21";"¹®ÁØÇõ";NULL;"2";"2";"0";"0";"0";"0";"0";"0";"0";"0";"0";"2";"0";"0";"0";"0";"0";"0";"0";"0"
"179";"Â©À¯";"22";"ÀÌÁ¤·æ";NULL;"4";"4";"1";"0";"1";"0";"1";"0";"0";"0";"0";"2";"1";"0";"0";"1";"0";"0";"0";"0"
"180";"Â©À¯";"22";"¹®Á¾¿­";NULL;"3";"2";"3";"0";"1";"1";"0";"0";"0";"1";"0";"0";"3";"0";"0";"0";"1";"0";"0";"0"
"181";"Â©À¯";"22";"ÀÌ°æÁØ";NULL;"3";"3";"2";"1";"2";"1";"1";"0";"0";"0";"0";"0";"4";"0";"0";"1";"0";"0";"0";"0"
"182";"Â©À¯";"22";"ÃÖ¸ñ";NULL;"3";"2";"0";"1";"0";"0";"0";"0";"0";"1";"0";"0";"0";"0";"0";"1";"1";"0";"0";"0"
"183";"Â©À¯";"22";"±è¹«°Ç";NULL;"3";"3";"2";"0";"2";"1";"1";"0";"0";"0";"0";"0";"3";"0";"0";"1";"0";"0";"0";"0"
"184";"Â©À¯";"22";"¼­ÁØ»ó";NULL;"3";"3";"0";"1";"0";"0";"0";"0";"0";"0";"0";"0";"0";"0";"0";"2";"1";"0";"0";"0"
"185";"Â©À¯";"22";"ÀÌÃ¶¹Î";NULL;"3";"1";"0";"0";"0";"0";"0";"0";"0";"2";"0";"0";"3";"0";"0";"1";"0";"0";"0";"0"
"186";"Â©À¯";"22";"ÃÖÀÏÁØ";NULL;"3";"2";"0";"0";"0";"0";"0";"0";"0";"1";"0";"1";"1";"0";"0";"1";"0";"0";"0";"0"
"187";"Â©À¯";"22";"³²ÁøÈÆ";NULL;"3";"3";"0";"0";"0";"0";"0";"0";"0";"0";"0";"1";"0";"0";"0";"1";"1";"0";"0";"0"
"188";"Â©À¯";"23";"±è¹«°Ç";NULL;"5";"3";"4";"0";"0";"0";"0";"0";"0";"2";"0";"0";"2";"0";"0";"2";"0";"0";"0";"0"
"189";"Â©À¯";"23";"ÀÌ°æÁØ";NULL;"5";"3";"2";"1";"2";"1";"1";"0";"0";"2";"0";"0";"0";"0";"0";"0";"1";"0";"0";"0"
"190";"Â©À¯";"23";"¹ÚÁ¤¿ì";NULL;"5";"5";"1";"1";"1";"1";"0";"0";"0";"0";"0";"0";"1";"0";"0";"2";"1";"0";"0";"0"
"191";"Â©À¯";"23";"¼­ÁØ»ó";NULL;"5";"4";"3";"3";"2";"1";"0";"1";"0";"1";"0";"0";"3";"0";"0";"1";"0";"0";"0";"0"
"192";"Â©À¯";"23";"ÀÌÃ¶¹Î";NULL;"4";"4";"0";"2";"2";"1";"1";"0";"0";"0";"0";"0";"0";"0";"0";"0";"2";"0";"0";"0"
"193";"Â©À¯";"23";"±è¸íÂù";NULL;"4";"3";"0";"1";"2";"2";"0";"0";"0";"1";"0";"0";"2";"0";"0";"1";"0";"0";"0";"0"
"194";"Â©À¯";"23";"³²ÁøÈÆ";NULL;"4";"3";"0";"1";"0";"0";"0";"0";"0";"1";"0";"0";"1";"0";"0";"0";"1";"0";"0";"0"
"195";"Â©À¯";"23";"ÃÖÀÏÁØ";NULL;"2";"2";"0";"0";"0";"0";"0";"0";"0";"0";"0";"2";"0";"0";"0";"0";"0";"0";"0";"0"
"196";"Â©À¯";"23";"±èÀ±¼º";NULL;"2";"2";"0";"0";"0";"0";"0";"0";"0";"0";"0";"2";"0";"0";"0";"0";"0";"0";"0";"0"
"197";"Â©À¯";"23";"¹®ÁØÇõ";NULL;"4";"2";"2";"0";"1";"1";"0";"0";"0";"2";"0";"1";"1";"0";"0";"0";"0";"0";"0";"0"
"198";"Â©À¯";"24";"ÀÌÁ¤·æ";NULL;"4";"3";"1";"0";"2";"2";"0";"0";"0";"1";"0";"0";"2";"0";"0";"0";"1";"0";"0";"0"
"199";"Â©À¯";"24";"¹ÚÁ¤¿ì";NULL;"4";"3";"1";"1";"0";"0";"0";"0";"0";"1";"0";"1";"2";"0";"0";"1";"0";"0";"0";"0"
"200";"Â©À¯";"24";"±èÀ±¼º";NULL;"4";"3";"1";"2";"1";"0";"1";"0";"0";"1";"0";"2";"1";"0";"0";"0";"0";"0";"0";"0"
"201";"Â©À¯";"24";"ÀÌÃ¶¹Î";NULL;"3";"2";"0";"0";"0";"0";"0";"0";"0";"1";"0";"0";"0";"0";"0";"2";"0";"0";"0";"0"
"202";"Â©À¯";"24";"±è¸íÂù";NULL;"3";"2";"1";"0";"0";"0";"0";"0";"0";"1";"0";"0";"3";"0";"0";"2";"0";"0";"0";"0"
"203";"Â©À¯";"24";"³²ÁøÈÆ";NULL;"3";"2";"1";"1";"1";"0";"0";"1";"0";"1";"0";"1";"1";"0";"0";"0";"0";"0";"0";"0"
"204";"Â©À¯";"24";"¿©ÇöÃ¶";NULL;"2";"2";"0";"0";"0";"0";"0";"0";"0";"0";"0";"1";"0";"0";"0";"0";"1";"0";"0";"0"
"205";"Â©À¯";"24";"ÀÌ°æÁØ";NULL;"1";"1";"1";"1";"1";"1";"0";"0";"0";"0";"0";"0";"1";"0";"0";"0";"0";"0";"0";"0"
"206";"Â©À¯";"24";"ÃÖÀÏÁØ";NULL;"3";"2";"2";"0";"1";"1";"0";"0";"0";"1";"0";"1";"2";"0";"0";"0";"0";"0";"0";"0"
"207";"Â©À¯";"24";"±èÀçÇö";NULL;"3";"3";"0";"1";"0";"0";"0";"0";"0";"0";"0";"2";"0";"0";"0";"1";"0";"0";"0";"0"
"208";"Â©À¯";"25";"ÀÌÁ¤·æ";NULL;"3";"3";"2";"3";"3";"1";"0";"1";"1";"0";"0";"0";"1";"0";"0";"0";"0";"0";"0";"0"
"209";"Â©À¯";"25";"¹®Á¾¿­";NULL;"3";"2";"0";"1";"0";"0";"0";"0";"0";"0";"0";"1";"0";"0";"0";"1";"1";"0";"0";"0"
"210";"Â©À¯";"25";"¹ÚÁ¤¿ì";NULL;"3";"3";"1";"0";"2";"2";"0";"0";"0";"0";"0";"0";"2";"0";"0";"0";"1";"0";"0";"0"
"211";"Â©À¯";"25";"¹®Á¤¿ì";NULL;"3";"2";"0";"0";"0";"0";"0";"0";"0";"1";"0";"1";"1";"0";"0";"1";"0";"0";"0";"0"
"212";"Â©À¯";"25";"ÀÌÈ£ÁØ";NULL;"3";"2";"1";"0";"0";"0";"0";"0";"0";"1";"0";"0";"1";"0";"0";"0";"2";"0";"0";"0"
"213";"Â©À¯";"25";"ÃÖÀÏÁØ";NULL;"3";"1";"2";"0";"0";"0";"0";"0";"0";"2";"0";"1";"0";"0";"0";"0";"0";"0";"0";"0"
"214";"Â©À¯";"25";"±è¸íÂù";NULL;"2";"2";"1";"1";"1";"1";"0";"0";"0";"0";"0";"0";"0";"0";"0";"0";"1";"0";"0";"0"
"215";"Â©À¯";"25";"¿©ÇöÃ¶";NULL;"2";"1";"2";"1";"0";"0";"0";"0";"0";"1";"0";"0";"0";"0";"0";"1";"0";"0";"0";"0"
"216";"Â©À¯";"25";"±è¿ì°æ";NULL;"0";"0";"0";"0";"0";"0";"0";"0";"0";"0";"0";"0";"0";"0";"0";"0";"0";"0";"0";"0"
"217";"Â©À¯";"25";"Á¤ÁöÈÆ";NULL;"2";"1";"1";"1";"0";"0";"0";"0";"0";"1";"0";"0";"0";"0";"0";"0";"1";"0";"0";"0"
"218";"Â©À¯";"26";"ÀÌÁ¤·æ";NULL;"4";"3";"1";"2";"1";"1";"0";"0";"0";"1";"0";"2";"0";"0";"0";"0";"0";"0";"0";"0"
"219";"Â©À¯";"26";"±¸Âù¿ì";NULL;"2";"1";"0";"0";"0";"0";"0";"0";"0";"1";"0";"1";"0";"0";"0";"0";"0";"0";"0";"0"
"220";"Â©À¯";"26";"¹®Á¾¿­";NULL;"4";"4";"2";"1";"2";"2";"0";"0";"0";"0";"0";"2";"1";"0";"0";"0";"0";"0";"0";"0"
"221";"Â©À¯";"26";"¹ÚÁ¤¿ì";NULL;"4";"4";"2";"3";"3";"2";"0";"1";"0";"0";"0";"0";"4";"0";"0";"1";"0";"0";"0";"0"
"222";"Â©À¯";"26";"¼­ÁØ»ó";NULL;"4";"2";"2";"1";"2";"1";"1";"0";"0";"2";"0";"0";"5";"0";"0";"0";"0";"0";"0";"0"
"223";"Â©À¯";"26";"±è¸íÂù";NULL;"1";"1";"1";"1";"0";"0";"0";"0";"0";"0";"0";"0";"0";"0";"0";"1";"0";"0";"0";"0"
"224";"Â©À¯";"26";"¿©ÇöÃ¶";NULL;"3";"3";"0";"0";"1";"1";"0";"0";"0";"0";"0";"2";"0";"0";"0";"0";"0";"0";"0";"0"
"225";"Â©À¯";"26";"ÀÌÈ£ÁØ";NULL;"4";"4";"1";"3";"2";"2";"0";"0";"0";"0";"0";"1";"2";"0";"0";"1";"0";"0";"0";"0"
"226";"Â©À¯";"26";"ÃÖÀÏÁØ";NULL;"4";"3";"1";"0";"0";"0";"0";"0";"0";"1";"0";"0";"0";"0";"0";"2";"1";"0";"0";"0"
"227";"Â©À¯";"26";"Á¤ÁöÈÆ";NULL;"4";"4";"1";"0";"1";"1";"0";"0";"0";"0";"0";"1";"2";"0";"0";"1";"1";"0";"0";"0"
"228";"Â©À¯";"26";"¹®ÁØÇõ";NULL;"1";"1";"0";"0";"0";"0";"0";"0";"0";"0";"0";"1";"0";"0";"0";"0";"0";"0";"0";"0"
"229";"µðµ¶½º";"29";"¾ß³ª±â¿Í Å¸Ä«À¯Å°";NULL;"3";"3";"1";"0";"1";"1";"0";"0";"0";"0";"0";"1";"1";"0";"0";"0";"1";"0";"0";"0"
"230";"µðµ¶½º";"29";"¼­ÁØÇõ";NULL;"2";"2";"0";"0";"0";"0";"0";"0";"0";"0";"0";"2";"0";"0";"0";"0";"0";"0";"0";"0"
"231";"µðµ¶½º";"29";"¿À¿ë¹Î";NULL;"2";"0";"0";"0";"0";"0";"0";"0";"0";"2";"0";"0";"0";"0";"0";"0";"0";"0";"0";"0"
"232";"µðµ¶½º";"29";"¾È¼öÇÑ";NULL;"2";"1";"0";"1";"1";"1";"0";"0";"0";"0";"0";"0";"0";"0";"1";"0";"0";"0";"0";"0"
"233";"µðµ¶½º";"29";"³ªÀÇ¼®";NULL;"2";"2";"0";"0";"0";"0";"0";"0";"0";"0";"0";"1";"0";"0";"0";"0";"1";"0";"0";"0"
"234";"µðµ¶½º";"29";"°­±âÃ¶";NULL;"2";"2";"0";"0";"1";"1";"0";"0";"0";"0";"0";"0";"0";"0";"0";"1";"0";"0";"0";"0"
"235";"µðµ¶½º";"29";"È«´ëÁ¤";NULL;"2";"1";"0";"0";"0";"0";"0";"0";"0";"1";"0";"0";"0";"0";"0";"0";"1";"0";"0";"0"
"236";"µðµ¶½º";"29";"Á¶½ÂÇ¥";NULL;"2";"2";"0";"0";"1";"1";"0";"0";"0";"0";"0";"1";"0";"0";"0";"0";"0";"0";"0";"0"
"237";"µðµ¶½º";"29";"Àå´Ù¼Ö";NULL;"2";"2";"0";"0";"0";"0";"0";"0";"0";"0";"0";"1";"0";"0";"0";"1";"0";"0";"0";"0"
"238";"Bullets";"30";"¹®Ä¡±Ç";NULL;"3";"3";"2";"1";"2";"2";"0";"0";"0";"0";"0";"0";"0";"0";"0";"0";"1";"0";"0";"0"
"239";"Bullets";"30";"ÃÖÁö¿ø";NULL;"3";"2";"2";"0";"2";"1";"1";"0";"0";"1";"0";"0";"0";"0";"0";"0";"0";"0";"0";"0"
"240";"Bullets";"30";"À¯Àç¼®";NULL;"3";"2";"3";"1";"1";"0";"1";"0";"0";"0";"0";"0";"3";"0";"0";"1";"0";"0";"0";"0"
"241";"Bullets";"30";"ÀÓÈñ¼·";NULL;"3";"2";"0";"2";"1";"1";"0";"0";"0";"1";"0";"0";"0";"0";"0";"1";"0";"0";"0";"0"
"242";"Bullets";"30";"Àü¿ì¶÷";NULL;"3";"3";"1";"1";"2";"2";"0";"0";"0";"0";"0";"0";"0";"0";"0";"0";"1";"0";"0";"0"
"243";"Bullets";"30";"¹é±¤¼±";NULL;"2";"1";"1";"0";"0";"0";"0";"0";"0";"1";"0";"0";"0";"0";"0";"0";"1";"0";"0";"0"
"244";"Bullets";"30";"ÃÖ¿ëÀç";NULL;"2";"2";"1";"0";"0";"0";"0";"0";"0";"1";"0";"1";"0";"0";"0";"0";"0";"0";"0";"0"
"245";"Bullets";"30";"Á¤ÈÆ¿µ";NULL;"2";"2";"1";"0";"1";"0";"1";"0";"0";"0";"0";"0";"0";"0";"0";"1";"0";"0";"0";"0"
"246";"Bullets";"30";"½ÉÁ¤Çö";NULL;"2";"2";"0";"2";"1";"1";"0";"0";"0";"0";"0";"0";"0";"0";"0";"1";"0";"0";"0";"0"
"247";"Bullets";"31";"Àü¿ì¶÷";NULL;"3";"3";"1";"0";"1";"0";"1";"0";"0";"0";"0";"1";"0";"0";"0";"0";"0";"0";"0";"0"
"248";"Bullets";"31";"ÃÖÁö¿ø";NULL;"3";"2";"1";"1";"1";"0";"1";"0";"0";"1";"0";"0";"1";"0";"0";"0";"1";"0";"0";"0"
"249";"Bullets";"31";"À¯Àç¼®";NULL;"2";"1";"1";"0";"0";"0";"0";"0";"0";"1";"0";"0";"1";"0";"0";"0";"0";"0";"0";"0"
"250";"Bullets";"31";"¹®Ä¡±Ç";NULL;"1";"1";"1";"0";"0";"0";"0";"0";"0";"0";"0";"0";"0";"0";"0";"1";"0";"0";"0";"0"
"251";"Bullets";"31";"ÀÓÈñ¼·";NULL;"3";"2";"0";"1";"0";"0";"0";"0";"0";"1";"0";"0";"0";"0";"0";"2";"0";"0";"0";"0"
"252";"Bullets";"31";"À±¼®È£";NULL;"2";"1";"1";"0";"0";"0";"0";"0";"0";"1";"0";"0";"0";"0";"0";"0";"1";"0";"0";"0"
"253";"Bullets";"31";"ÀÌ¿µÀç";NULL;"1";"1";"1";"2";"1";"0";"0";"0";"1";"0";"0";"0";"0";"0";"0";"0";"0";"0";"0";"0"
"254";"Bullets";"31";"½ÉÁ¤Çö";NULL;"2";"2";"0";"1";"1";"1";"0";"0";"0";"0";"0";"1";"0";"0";"0";"0";"0";"0";"0";"0"
"255";"Bullets";"31";"¹ÚÁÖ¿ë";NULL;"1";"1";"0";"0";"1";"0";"0";"0";"0";"0";"0";"0";"1";"0";"0";"0";"0";"0";"0";"0"
"256";"Bullets";"31";"ÀÌ½Ã¿ì";NULL;"3";"1";"0";"0";"0";"0";"0";"0";"0";"2";"0";"1";"1";"0";"0";"0";"0";"0";"0";"0"
"257";"Bullets";"31";"Á¤ÈÆ¿µ";NULL;"1";"1";"0";"0";"1";"1";"0";"0";"0";"0";"0";"0";"0";"0";"0";"0";"0";"0";"0";"0"
"258";"Bullets";"31";"±è¼ºÀ±";NULL;"2";"1";"0";"0";"0";"0";"0";"0";"0";"1";"0";"0";"0";"0";"0";"0";"1";"0";"0";"0"
"259";"Bullets";"31";"¹é±¤¼±";NULL;"2";"2";"0";"1";"1";"0";"0";"0";"0";"0";"0";"1";"0";"0";"0";"0";"0";"0";"0";"0"
"260";"Cvilians";"32";"¹ÚÁö¿ë";NULL;"3";"2";"1";"1";"0";"0";"0";"0";"0";"1";"0";"2";"0";"0";"0";"0";"0";"0";"0";"0"
"261";"Cvilians";"32";"ÀÌÈ£";NULL;"3";"3";"0";"0";"0";"0";"0";"0";"0";"0";"0";"2";"0";"0";"0";"0";"1";"0";"0";"0"
"262";"Cvilians";"32";"¹ÚÃµÈ£";NULL;"3";"3";"1";"2";"2";"1";"1";"0";"0";"0";"0";"0";"0";"0";"0";"0";"1";"0";"0";"0"
"263";"Cvilians";"32";"±èµ¿À±";NULL;"3";"3";"2";"0";"1";"1";"0";"0";"0";"0";"0";"0";"0";"0";"0";"1";"1";"0";"0";"0"
"264";"Cvilians";"32";"±èµ¿¿ø";NULL;"3";"3";"1";"1";"2";"1";"1";"0";"0";"0";"0";"0";"0";"0";"0";"0";"0";"0";"0";"0"
"265";"Cvilians";"32";"Á¤Áø";NULL;"3";"3";"0";"0";"0";"0";"0";"0";"0";"0";"0";"1";"0";"0";"0";"0";"0";"0";"0";"0"
"266";"Cvilians";"32";"±èÁöÇü";NULL;"2";"1";"1";"0";"0";"0";"0";"0";"0";"1";"0";"1";"0";"0";"0";"0";"0";"0";"0";"0"
"267";"Cvilians";"32";"±è¿ìÈ¯";NULL;"2";"2";"1";"0";"0";"0";"0";"0";"0";"0";"0";"1";"0";"0";"0";"1";"0";"0";"0";"0"
"268";"Cvilians";"32";"¹ÚÁø¼®";NULL;"2";"2";"1";"0";"2";"2";"0";"0";"0";"0";"0";"0";"0";"0";"0";"0";"0";"0";"0";"0"
"269";"aceball";"33";"±è¸íÁØ";NULL;"4";"4";"3";"4";"3";"3";"0";"0";"0";"1";"0";"0";"1";"0";"0";"1";"0";"0";"0";"0"
"270";"aceball";"33";"±èµ¿Çö";NULL;"4";"4";"3";"1";"2";"1";"1";"0";"0";"1";"0";"0";"1";"0";"0";"0";"0";"0";"0";"0"
"271";"aceball";"33";"¹®¿ø±³";NULL;"4";"4";"3";"3";"3";"3";"0";"0";"0";"0";"0";"1";"1";"0";"0";"0";"0";"0";"0";"0"
"272";"aceball";"33";"±è¹ü½Ä";NULL;"0";"0";"0";"0";"0";"0";"0";"0";"0";"0";"0";"0";"0";"0";"0";"0";"0";"0";"0";"0"
"273";"aceball";"33";"ÃÖµ¿¼ø";NULL;"3";"3";"4";"2";"3";"3";"0";"0";"0";"0";"0";"0";"1";"0";"0";"0";"0";"0";"0";"0"
"274";"aceball";"33";"±èÁ¤¼®";NULL;"3";"2";"3";"1";"0";"0";"0";"0";"0";"1";"0";"0";"1";"0";"0";"0";"0";"0";"0";"0"
"275";"aceball";"33";"È«¼®½Â";NULL;"0";"0";"0";"0";"0";"0";"0";"0";"0";"0";"0";"0";"0";"0";"0";"0";"0";"0";"0";"0"
"276";"aceball";"33";"ÁÖÇöÈ£";NULL;"3";"3";"3";"2";"2";"2";"0";"0";"0";"0";"0";"1";"0";"0";"0";"0";"0";"0";"0";"0"
"277";"aceball";"33";"¹ÚÁØ¹ü";NULL;"3";"2";"4";"5";"2";"2";"0";"0";"0";"1";"0";"0";"0";"0";"0";"0";"0";"0";"0";"0"
"278";"aceball";"33";"À¯Çü¼®";NULL;"3";"3";"4";"7";"3";"1";"2";"0";"0";"0";"0";"0";"0";"0";"0";"0";"0";"0";"0";"0"
"279";"aceball";"33";"ÃÖ±¤¿í";NULL;"3";"3";"3";"1";"0";"0";"0";"0";"0";"0";"0";"0";"1";"0";"0";"1";"1";"0";"0";"0"
"280";"¸ÞÆ®·Î½º";"34";"¹Úº´¼®";NULL;"2";"2";"0";"0";"0";"0";"0";"0";"0";"0";"0";"0";"0";"0";"0";"0";"2";"0";"0";"0"
"281";"¸ÞÆ®·Î½º";"34";"ÃÖ¼º¶ô";NULL;"2";"1";"0";"0";"0";"0";"0";"0";"0";"1";"0";"1";"1";"0";"0";"0";"0";"0";"0";"0"
"282";"¸ÞÆ®·Î½º";"34";"±è°ÇÈñ";NULL;"2";"1";"0";"0";"0";"0";"0";"0";"0";"1";"0";"0";"0";"0";"0";"1";"0";"0";"0";"0"
"283";"¸ÞÆ®·Î½º";"34";"ÃÖ°æÈ£";NULL;"2";"2";"1";"0";"0";"0";"0";"0";"0";"1";"0";"0";"1";"0";"0";"1";"0";"0";"0";"0"
"284";"¸ÞÆ®·Î½º";"34";"ÃÖ¹®±Ô";NULL;"1";"1";"0";"0";"0";"0";"0";"0";"0";"0";"0";"1";"0";"0";"0";"0";"0";"0";"0";"0"
"285";"¸ÞÆ®·Î½º";"34";"À¯È¯¼ö";NULL;"1";"0";"0";"0";"0";"0";"0";"0";"0";"1";"0";"0";"0";"0";"0";"0";"0";"0";"0";"0"
"286";"¸ÞÆ®·Î½º";"34";"Á¤ÀÎ¿í";NULL;"1";"1";"0";"1";"0";"0";"0";"0";"0";"0";"0";"0";"0";"0";"0";"0";"0";"0";"0";"0"
"287";"¸ÞÆ®·Î½º";"34";"ÃÖ°­Çö";NULL;"1";"1";"0";"0";"0";"0";"0";"0";"0";"0";"0";"1";"0";"0";"0";"0";"0";"0";"0";"0"
"288";"¸ÞÆ®·Î½º";"34";"½Å¼ö¿ë";NULL;"1";"1";"0";"0";"0";"0";"0";"0";"0";"0";"0";"1";"0";"0";"0";"0";"0";"0";"0";"0"
"289";"Çà´çÈýÃ÷";"37";"Àüº´ÀÍ";NULL;"4";"4";"1";"0";"0";"0";"0";"0";"0";"0";"0";"2";"0";"0";"0";"0";"0";"0";"0";"0"
"290";"Çà´çÈýÃ÷";"37";"À±ÀçÃµ";NULL;"3";"2";"0";"0";"0";"0";"0";"0";"0";"1";"0";"2";"0";"0";"0";"0";"0";"0";"0";"0"
"291";"Çà´çÈýÃ÷";"37";"ÀÌ°Ü·¹";NULL;"3";"3";"1";"2";"1";"0";"1";"0";"0";"0";"0";"1";"0";"0";"0";"1";"0";"0";"0";"0"
"292";"Çà´çÈýÃ÷";"37";"À¯ÁÖÅÂ";NULL;"3";"2";"0";"0";"0";"0";"0";"0";"0";"1";"0";"1";"0";"0";"0";"1";"0";"0";"0";"0"
"293";"Çà´çÈýÃ÷";"37";"¹Ú½ÂÈ¯";NULL;"3";"3";"2";"1";"2";"2";"0";"0";"0";"0";"0";"1";"0";"0";"0";"0";"0";"0";"0";"0"
"294";"Çà´çÈýÃ÷";"37";"ÀÓ¼ºÈÆ";NULL;"3";"3";"0";"0";"1";"0";"0";"0";"0";"0";"0";"0";"0";"0";"0";"0";"2";"0";"0";"0"
"295";"Çà´çÈýÃ÷";"37";"¹ÚÁÖÇü";NULL;"3";"3";"0";"1";"1";"0";"1";"0";"0";"0";"0";"1";"0";"0";"0";"1";"0";"0";"0";"0"
"296";"Çà´çÈýÃ÷";"37";"È«ÁØÀÇ";NULL;"3";"1";"0";"1";"0";"0";"0";"0";"0";"2";"0";"1";"0";"0";"0";"0";"0";"0";"0";"0"
"297";"Çà´çÈýÃ÷";"37";"Á¤Çö¼ö";NULL;"3";"2";"0";"0";"0";"0";"0";"0";"0";"0";"0";"1";"0";"0";"0";"2";"0";"0";"0";"0"
"298";"µðµ¶½º";"38";"½ÅÁø¹ü";NULL;"4";"3";"1";"0";"0";"0";"0";"0";"0";"1";"0";"1";"1";"0";"0";"1";"1";"0";"0";"0"
"299";"µðµ¶½º";"38";"±è¿ì¼®";NULL;"4";"4";"0";"0";"0";"0";"0";"0";"0";"0";"0";"1";"0";"0";"0";"2";"1";"0";"0";"0"
"300";"µðµ¶½º";"38";"±è¼¼ÈÆ";NULL;"3";"3";"1";"1";"3";"2";"1";"0";"0";"0";"0";"0";"0";"0";"0";"0";"0";"0";"0";"0"
"301";"µðµ¶½º";"38";"¾È¼öÇÑ";NULL;"3";"3";"0";"0";"1";"1";"0";"0";"0";"0";"0";"0";"1";"0";"0";"1";"0";"0";"0";"0"
"302";"µðµ¶½º";"38";"¿À¿ë¹Î";NULL;"3";"2";"0";"0";"1";"1";"0";"0";"0";"1";"0";"0";"0";"0";"0";"1";"0";"0";"0";"0"
"303";"µðµ¶½º";"38";"Àü°æÈÆ";NULL;"3";"2";"1";"1";"1";"0";"1";"0";"0";"1";"0";"0";"1";"0";"0";"1";"0";"0";"0";"0"
"304";"µðµ¶½º";"38";"°­±âÃ¶";NULL;"3";"2";"0";"0";"0";"0";"0";"0";"0";"1";"0";"0";"0";"0";"0";"0";"1";"0";"0";"0"
"305";"µðµ¶½º";"38";"³ªÀÇ¼®";NULL;"2";"2";"1";"1";"0";"0";"0";"0";"0";"0";"0";"0";"0";"0";"0";"2";"0";"0";"0";"0"
"306";"µðµ¶½º";"38";"¾ß³ª±â¿Í Å¸Ä«À¯Å°";NULL;"1";"1";"1";"0";"0";"0";"0";"0";"0";"0";"0";"0";"1";"0";"0";"1";"0";"0";"0";"0"
"307";"µðµ¶½º";"38";"¹ÚÁ¾ÁÖ";NULL;"2";"2";"1";"0";"1";"1";"0";"0";"0";"0";"0";"0";"0";"0";"0";"1";"0";"0";"0";"0"
"308";"µðµ¶½º";"38";"Á¶½ÂÇ¥";NULL;"0";"0";"0";"0";"0";"0";"0";"0";"0";"0";"0";"0";"0";"0";"0";"0";"0";"0";"0";"0"
"309";"µðµ¶½º";"38";"¼­ÁØÇõ";NULL;"1";"1";"0";"0";"0";"0";"0";"0";"0";"0";"0";"0";"0";"0";"0";"1";"0";"0";"0";"0"
"310";"aceball";"39";"È«¼®½Â";NULL;"2";"2";"0";"0";"1";"1";"0";"0";"0";"0";"0";"1";"0";"0";"0";"0";"0";"0";"0";"0"
"311";"aceball";"39";"ÀÎ±âÃ¶";NULL;"2";"0";"0";"0";"0";"0";"0";"0";"0";"0";"0";"2";"0";"0";"0";"0";"0";"0";"0";"0"
"312";"aceball";"39";"±èµ¿Çö";NULL;"2";"2";"0";"0";"1";"1";"0";"0";"0";"0";"0";"1";"0";"0";"0";"0";"0";"0";"0";"0"
"313";"aceball";"39";"ÃÖµ¿¼ø";NULL;"2";"2";"0";"0";"0";"0";"0";"0";"0";"0";"0";"1";"0";"0";"0";"1";"0";"0";"0";"0"
"314";"aceball";"39";"¹®¿ø±³";NULL;"2";"1";"0";"0";"0";"0";"0";"0";"0";"1";"0";"1";"0";"0";"0";"0";"0";"0";"0";"0"
"315";"aceball";"39";"À¯Çü¼®";NULL;"1";"1";"0";"0";"0";"0";"0";"0";"0";"0";"0";"1";"0";"0";"0";"0";"0";"0";"0";"0"
"316";"aceball";"39";"¹Ú¿ì¿­";NULL;"1";"1";"0";"0";"0";"0";"0";"0";"0";"0";"0";"1";"0";"0";"0";"0";"0";"0";"0";"0"
"317";"aceball";"39";"ÃÖ±¤¿í";NULL;"1";"1";"0";"0";"0";"0";"0";"0";"0";"0";"0";"1";"0";"0";"0";"0";"0";"0";"0";"0"
"318";"aceball";"39";"¼­µ¿ÀÍ";NULL;"1";"1";"0";"0";"0";"0";"0";"0";"0";"0";"0";"1";"0";"0";"0";"0";"0";"0";"0";"0"
"319";"µðµ¶½º";"40";"¾ß³ª±â¿Í Å¸Ä«À¯Å°";NULL;"3";"3";"3";"1";"2";"2";"0";"0";"0";"0";"0";"0";"3";"0";"0";"1";"0";"0";"0";"0"
"320";"µðµ¶½º";"40";"¼­ÁØÇõ";NULL;"3";"1";"1";"1";"0";"0";"0";"0";"0";"1";"0";"1";"0";"0";"1";"0";"0";"0";"0";"0"
"321";"µðµ¶½º";"40";"±è¼¼ÈÆ";NULL;"3";"3";"2";"4";"2";"1";"1";"0";"0";"0";"0";"0";"1";"0";"0";"1";"0";"0";"0";"0"
"322";"µðµ¶½º";"40";"¾È¼öÇÑ";NULL;"3";"2";"2";"0";"1";"0";"1";"0";"0";"1";"0";"0";"2";"0";"0";"1";"0";"0";"0";"0"
"323";"µðµ¶½º";"40";"±è¿ì¼®";NULL;"3";"2";"1";"1";"1";"0";"1";"0";"0";"1";"0";"0";"0";"0";"0";"0";"1";"0";"0";"0"
"324";"µðµ¶½º";"40";"Àü°æÈÆ";NULL;"3";"3";"1";"1";"1";"1";"0";"0";"0";"0";"0";"0";"0";"0";"0";"2";"0";"0";"0";"0"
"325";"µðµ¶½º";"40";"¿À¿ë¹Î";NULL;"3";"3";"1";"0";"0";"0";"0";"0";"0";"0";"0";"0";"1";"0";"0";"3";"0";"0";"0";"0"
"326";"µðµ¶½º";"40";"Á¶½ÂÇ¥";NULL;"2";"2";"0";"0";"0";"0";"0";"0";"0";"0";"0";"0";"0";"0";"0";"0";"2";"0";"0";"0"
"327";"µðµ¶½º";"40";"È«´ëÁ¤";NULL;"1";"1";"0";"1";"1";"1";"0";"0";"0";"0";"0";"0";"0";"0";"0";"0";"0";"0";"0";"0"
"328";"µðµ¶½º";"40";"Àå´Ù¼Ö";NULL;"3";"3";"2";"0";"1";"1";"0";"0";"0";"0";"0";"0";"1";"0";"0";"1";"0";"0";"0";"0"
"329";"¸ÞÆ®·Î½º ";"41";"ÃÖ¼º¶ô ";NULL;"2";"2";"1";"0";"0";"0";"0";"0";"0";"0";"0";"0";"1";"0";"0";"0";"0";"0";"0";"0"
"330";"¸ÞÆ®·Î½º ";"41";"Á¤ÀÎ¿í ";NULL;"2";"0";"1";"0";"0";"0";"0";"0";"0";"1";"1";"0";"0";"0";"0";"0";"0";"4";"0";"0"
"331";"¸ÞÆ®·Î½º ";"41";"±è°ÇÈñ ";NULL;"1";"1";"0";"0";"0";"0";"0";"0";"0";"0";"0";"1";"0";"0";"0";"0";"0";"0";"0";"0"
"332";"¸ÞÆ®·Î½º ";"41";"ÃÖ°­Çö ";NULL;"1";"0";"0";"0";"0";"0";"0";"0";"0";"1";"0";"0";"0";"0";"0";"0";"0";"0";"0";"0"
"333";"¸ÞÆ®·Î½º ";"41";"ÃÖ°æÈ£ ";NULL;"2";"1";"0";"1";"0";"0";"0";"0";"0";"0";"0";"0";"0";"0";"1";"0";"0";"0";"0";"0"
"334";"¸ÞÆ®·Î½º ";"41";"ÀÌ½ÂÈÆ ";NULL;"2";"2";"0";"1";"1";"0";"1";"0";"0";"0";"0";"1";"0";"0";"0";"0";"0";"0";"0";"0"
"335";"¸ÞÆ®·Î½º ";"41";"½Å¼ö¿ë ";NULL;"1";"1";"0";"0";"0";"0";"0";"0";"0";"0";"0";"1";"0";"0";"0";"0";"0";"0";"0";"0"
"336";"¸ÞÆ®·Î½º ";"41";"¹Úº´¼® ";NULL;"1";"0";"0";"0";"0";"0";"0";"0";"0";"1";"0";"0";"0";"0";"0";"0";"0";"0";"0";"0"
"337";"¸ÞÆ®·Î½º ";"41";"ÃÖ¹®±Ô ";NULL;"1";"1";"0";"0";"0";"0";"0";"0";"0";"0";"0";"1";"0";"0";"0";"0";"0";"0";"0";"0"
"338";"¸ÞÆ®·Î½º ";"41";"À¯È¯¼ö ";NULL;"1";"1";"0";"0";"0";"0";"0";"0";"0";"0";"0";"1";"0";"0";"0";"0";"0";"0";"0";"0"
"339";"Bullets ";"42";"¹é±¤¼± ";NULL;"3";"1";"3";"1";"1";"1";"0";"0";"0";"1";"1";"0";"1";"0";"0";"0";"0";"0";"0";"0"
"340";"Bullets ";"42";"°ûµ¿ÁØ ";NULL;"3";"1";"3";"3";"1";"1";"0";"0";"0";"2";"0";"0";"0";"0";"0";"0";"0";"0";"0";"0"
"341";"Bullets ";"42";"ÃÖ¿ëÀç ";NULL;"6";"3";"4";"2";"1";"1";"0";"0";"0";"3";"0";"2";"0";"0";"0";"0";"0";"0";"0";"0"
"342";"Bullets ";"42";"½ÉÁ¤Çö ";NULL;"6";"4";"5";"12";"4";"0";"3";"1";"0";"1";"0";"0";"1";"0";"1";"0";"0";"0";"0";"0"
"343";"Bullets ";"42";"±è¼ºÀ± ";NULL;"4";"3";"3";"4";"3";"1";"2";"0";"0";"1";"0";"0";"3";"0";"0";"0";"0";"0";"0";"0"
"344";"Bullets ";"42";"ÀÌ¿µÀç ";NULL;"2";"2";"2";"1";"1";"1";"0";"0";"0";"0";"0";"0";"0";"0";"0";"0";"0";"0";"0";"0"
"345";"Bullets ";"42";"Á¤ÈÆ¿µ ";NULL;"6";"4";"3";"1";"2";"1";"1";"0";"0";"2";"0";"0";"0";"0";"0";"0";"0";"5";"0";"0"
"346";"Bullets ";"42";"º¹Á¾¿í ";NULL;"6";"6";"3";"5";"4";"3";"1";"0";"0";"0";"0";"1";"3";"0";"0";"0";"0";"0";"0";"0"
"347";"Bullets ";"42";"¹ÚÁÖ¿ë ";NULL;"6";"3";"3";"0";"1";"1";"0";"0";"0";"3";"0";"0";"0";"0";"0";"0";"0";"0";"0";"0"
"348";"Bullets ";"42";"À±¼®È£ ";NULL;"5";"2";"4";"2";"2";"1";"1";"0";"0";"2";"1";"0";"0";"0";"0";"0";"0";"0";"0";"0"
"349";"Bullets ";"42";"±è¹ü½Ä ";NULL;"2";"2";"2";"1";"1";"1";"0";"0";"0";"0";"0";"0";"0";"0";"0";"0";"0";"0";"0";"0"
"350";"Bullets ";"42";"ÀÌ»óÈ£ ";NULL;"3";"1";"2";"1";"0";"0";"0";"0";"0";"2";"0";"1";"0";"0";"0";"0";"0";"0";"0";"0"
"351";"µðµ¶½º ";"43";"½ÅÁø¹ü ";NULL;"6";"4";"5";"7";"4";"2";"2";"0";"0";"1";"1";"0";"1";"0";"0";"0";"0";"0";"0";"0"
"352";"µðµ¶½º ";"43";"Àü°æÈÆ ";NULL;"5";"3";"4";"4";"2";"0";"2";"0";"0";"2";"0";"0";"0";"0";"0";"0";"0";"0";"0";"0"
"353";"µðµ¶½º ";"43";"Àå´Ù¼Ö ";NULL;"5";"4";"4";"3";"2";"1";"1";"0";"0";"1";"0";"0";"0";"0";"0";"0";"0";"0";"0";"0"
"354";"µðµ¶½º ";"43";"±è¼¼ÈÆ ";NULL;"5";"5";"3";"6";"5";"2";"3";"0";"0";"0";"0";"0";"0";"0";"0";"0";"0";"0";"0";"0"
"355";"µðµ¶½º ";"43";"³ªÀÇ¼® ";NULL;"3";"2";"2";"1";"1";"1";"0";"0";"0";"1";"0";"0";"0";"0";"0";"0";"0";"0";"0";"0"
"356";"µðµ¶½º ";"43";"°­±âÃ¶ ";NULL;"4";"3";"4";"3";"2";"1";"1";"0";"0";"1";"0";"0";"0";"0";"0";"0";"0";"3";"0";"0"
"357";"µðµ¶½º ";"43";"È«´ëÁ¤ ";NULL;"5";"3";"5";"2";"2";"2";"0";"0";"0";"2";"0";"0";"1";"0";"0";"0";"0";"0";"0";"0"
"358";"µðµ¶½º ";"43";"Á¶½ÂÇ¥ ";NULL;"5";"2";"5";"1";"2";"2";"0";"0";"0";"3";"0";"0";"0";"0";"0";"0";"0";"0";"0";"0"
"359";"µðµ¶½º ";"43";"ÇãÁ¤ ";NULL;"2";"2";"0";"0";"0";"0";"0";"0";"0";"0";"0";"0";"0";"0";"0";"0";"0";"0";"0";"0"
"360";"µðµ¶½º ";"43";"¾È¼öÇÑ ";NULL;"3";"2";"1";"2";"1";"1";"0";"0";"0";"1";"0";"0";"0";"0";"0";"0";"0";"0";"0";"0"
"362";"¸ÞÆ®·Î½º ";"44";"ÃÖ¼º¶ô ";NULL;"1";"1";"0";"0";"0";"0";"0";"0";"0";"0";"0";"1";"0";"0";"0";"0";"0";"0";"0";"0"
"363";"¸ÞÆ®·Î½º ";"44";"Á¤ÀÎ¿í ";NULL;"1";"1";"0";"0";"0";"0";"0";"0";"0";"0";"0";"0";"0";"0";"0";"0";"0";"0";"0";"0"
"364";"¸ÞÆ®·Î½º ";"44";"ÀÌ½ÂÈÆ ";NULL;"1";"1";"0";"0";"1";"1";"0";"0";"0";"0";"0";"0";"0";"0";"0";"0";"0";"0";"0";"0"
"365";"¸ÞÆ®·Î½º ";"44";"ÃÖ°æÈ£ ";NULL;"1";"1";"0";"0";"0";"0";"0";"0";"0";"0";"0";"0";"0";"0";"0";"0";"0";"0";"0";"0"
"366";"¸ÞÆ®·Î½º ";"44";"±è°ÇÈñ ";NULL;"1";"1";"0";"0";"0";"0";"0";"0";"0";"0";"0";"1";"0";"0";"0";"0";"0";"0";"0";"0"
"367";"¸ÞÆ®·Î½º ";"44";"À¯È¯¼ö ";NULL;"1";"0";"0";"0";"0";"0";"0";"0";"0";"0";"1";"0";"0";"0";"0";"0";"0";"0";"0";"0"
"368";"¸ÞÆ®·Î½º ";"44";"¹Úº´¼® ";NULL;"1";"0";"0";"0";"0";"0";"0";"0";"0";"0";"1";"0";"0";"0";"0";"0";"0";"0";"0";"0"
"369";"¸ÞÆ®·Î½º ";"44";"½Å¼ö¿ë ";NULL;"1";"1";"0";"0";"0";"0";"0";"0";"0";"0";"0";"1";"0";"0";"0";"0";"0";"0";"0";"0"
"370";"¸ÞÆ®·Î½º ";"44";"ÃÖ°­Çö ";NULL;"0";"0";"0";"0";"0";"0";"0";"0";"0";"0";"0";"0";"0";"0";"0";"0";"0";"0";"0";"0"
"371";"¸ÞÆ®·Î½º ";"44";"ÃÖ¹®±Ô ";NULL;"1";"1";"0";"0";"0";"0";"0";"0";"0";"0";"0";"0";"0";"0";"0";"0";"0";"0";"0";"0"
"374";"Â©À¯ ";"45";"ÀÌÁ¤·æ ";NULL;"3";"3";"0";"2";"1";"1";"0";"0";"0";"0";"0";"1";"0";"0";"0";"0";"0";"0";"0";"0"
"375";"Â©À¯ ";"45";"ÀÌÈ£ÁØ ";NULL;"3";"2";"1";"0";"0";"0";"0";"0";"0";"0";"1";"1";"0";"0";"0";"0";"0";"0";"0";"0"
"376";"Â©À¯ ";"45";"±è¿¬°¢ ";NULL;"3";"3";"1";"2";"1";"0";"1";"0";"0";"0";"0";"0";"1";"0";"0";"0";"0";"0";"0";"0"
"377";"Â©À¯ ";"45";"¼­ÁØ»ó ";NULL;"3";"2";"1";"0";"1";"1";"0";"0";"0";"1";"0";"0";"0";"0";"0";"0";"0";"2";"0";"0"
"378";"Â©À¯ ";"45";"¹ÚÁ¤¿ì ";NULL;"3";"3";"2";"1";"2";"2";"0";"0";"0";"0";"0";"0";"0";"0";"0";"0";"0";"0";"0";"0"
"379";"Â©À¯ ";"45";"¹®ÁØÇõ ";NULL;"3";"2";"1";"0";"0";"0";"0";"0";"0";"1";"0";"0";"0";"0";"0";"0";"0";"0";"0";"0"
"380";"Â©À¯ ";"45";"ÃÖÀÏÁØ ";NULL;"3";"3";"1";"1";"2";"2";"0";"0";"0";"0";"0";"0";"0";"0";"0";"0";"0";"0";"0";"0"
"381";"Â©À¯ ";"45";"¹®Á¤¿ì ";NULL;"3";"2";"0";"1";"0";"0";"0";"0";"0";"1";"0";"2";"0";"0";"0";"0";"0";"0";"0";"0"
"382";"Â©À¯ ";"45";"¹®Á¾¿­ ";NULL;"2";"2";"1";"1";"1";"1";"0";"0";"0";"0";"0";"0";"0";"0";"0";"0";"0";"0";"0";"0"
"386";"Aceball ";"46";"ÃÖ±¤¿í ";NULL;"3";"3";"1";"3";"1";"0";"1";"0";"0";"0";"0";"0";"1";"0";"0";"0";"0";"0";"0";"0"
"387";"Aceball ";"46";"È«¼®½Â ";NULL;"3";"3";"1";"1";"1";"1";"0";"0";"0";"0";"0";"0";"1";"0";"0";"0";"0";"0";"0";"0"
"388";"Aceball ";"46";"±èµ¿Çö ";NULL;"2";"1";"0";"0";"1";"1";"0";"0";"0";"1";"0";"0";"0";"0";"0";"0";"0";"0";"0";"0"
"389";"Aceball ";"46";"ÃÖµ¿¼ø ";NULL;"2";"2";"1";"0";"0";"0";"0";"0";"0";"0";"0";"0";"0";"0";"0";"0";"0";"1";"0";"0"
"390";"Aceball ";"46";"¹®¿ø±³ ";NULL;"2";"2";"0";"1";"1";"0";"1";"0";"0";"0";"0";"0";"0";"0";"0";"0";"0";"0";"0";"0"
"391";"Aceball ";"46";"ÀÌ¼º±Ù ";NULL;"2";"1";"1";"0";"1";"1";"0";"0";"0";"1";"0";"0";"1";"0";"0";"0";"0";"0";"0";"0"
"392";"Aceball ";"46";"ÁÖÇöÈ£ ";NULL;"2";"1";"1";"0";"0";"0";"0";"0";"0";"0";"1";"1";"0";"0";"0";"0";"0";"0";"0";"0"
"393";"Aceball ";"46";"À¯Çü¼® ";NULL;"2";"2";"1";"1";"1";"1";"0";"0";"0";"0";"0";"0";"0";"0";"0";"0";"0";"4";"0";"0"
"394";"Aceball ";"46";"ÀÎ±âÃ¶ ";NULL;"2";"2";"1";"0";"0";"0";"0";"0";"0";"0";"0";"1";"0";"0";"0";"0";"0";"0";"0";"0"
"398";"Â©À¯ ";"47";"ÀÌÁ¤·æ ";NULL;"2";"2";"1";"0";"1";"1";"0";"0";"0";"0";"0";"0";"1";"0";"0";"0";"0";"0";"0";"0"
"399";"Â©À¯ ";"47";"±¸Âù¿ì ";NULL;"1";"0";"1";"0";"0";"0";"0";"0";"0";"1";"0";"0";"0";"0";"0";"0";"0";"0";"0";"0"
"400";"Â©À¯ ";"47";"ÀÌÈ£ÁØ ";NULL;"3";"3";"2";"0";"2";"2";"0";"0";"0";"0";"0";"1";"0";"0";"0";"0";"0";"0";"0";"0"
"401";"Â©À¯ ";"47";"±è¿¬°¢ ";NULL;"3";"2";"3";"2";"1";"0";"1";"0";"0";"1";"0";"0";"2";"0";"0";"0";"0";"0";"0";"0"
"402";"Â©À¯ ";"47";"¼­ÁØ»ó ";NULL;"3";"2";"2";"2";"2";"2";"0";"0";"0";"1";"0";"0";"2";"0";"0";"0";"0";"7";"0";"0"
"403";"Â©À¯ ";"47";"¹ÚÁ¤¿ì ";NULL;"3";"3";"0";"1";"1";"1";"0";"0";"0";"0";"0";"0";"1";"0";"0";"0";"0";"0";"0";"0"
"404";"Â©À¯ ";"47";"¹®ÁØÇõ ";NULL;"3";"1";"1";"2";"1";"1";"0";"0";"0";"1";"0";"0";"1";"0";"1";"0";"0";"0";"0";"0"
"405";"Â©À¯ ";"47";"ÃÖÇü½Â ";NULL;"3";"3";"0";"0";"0";"0";"0";"0";"0";"0";"0";"1";"0";"0";"0";"0";"0";"0";"0";"0"
"406";"Â©À¯ ";"47";"¹®Á¤¿ì ";NULL;"3";"3";"0";"1";"1";"1";"0";"0";"0";"0";"0";"2";"0";"0";"0";"0";"0";"0";"0";"0"
"407";"Â©À¯ ";"47";"¹®Á¾¿­ ";NULL;"3";"3";"2";"0";"1";"1";"0";"0";"0";"0";"0";"0";"0";"0";"0";"0";"0";"0";"0";"0"
"410";"¾Æ½½¾Æ½½ ";"48";"ÀÌ»ó¸ñ ";NULL;"2";"1";"0";"0";"0";"0";"0";"0";"0";"1";"0";"0";"0";"0";"0";"0";"0";"0";"0";"0"
"411";"¾Æ½½¾Æ½½ ";"48";"ÀÌ»óÇö ";NULL;"2";"2";"0";"0";"0";"0";"0";"0";"0";"0";"0";"1";"0";"0";"0";"0";"0";"0";"0";"0"
"412";"¾Æ½½¾Æ½½ ";"48";"Ç¥Á¤Çö ";NULL;"2";"2";"0";"0";"1";"1";"0";"0";"0";"0";"0";"1";"0";"0";"0";"0";"0";"0";"0";"0"
"413";"¾Æ½½¾Æ½½ ";"48";"±è±â¹ü ";NULL;"2";"2";"0";"0";"1";"1";"0";"0";"0";"0";"0";"1";"0";"0";"0";"0";"0";"0";"0";"0"
"414";"¾Æ½½¾Æ½½ ";"48";"ÀÌ¹®¹è ";NULL;"2";"2";"0";"0";"0";"0";"0";"0";"0";"0";"0";"0";"0";"0";"0";"0";"0";"0";"0";"0"
"415";"¾Æ½½¾Æ½½ ";"48";"±è¼º¼ö ";NULL;"1";"1";"0";"0";"0";"0";"0";"0";"0";"0";"0";"1";"0";"0";"0";"0";"0";"0";"0";"0"
"416";"¾Æ½½¾Æ½½ ";"48";"Á¤ÇØ±Ç ";NULL;"1";"1";"0";"0";"0";"0";"0";"0";"0";"0";"0";"1";"0";"0";"0";"0";"0";"0";"0";"0"
"417";"¾Æ½½¾Æ½½ ";"48";"º¯ÈÆ ";NULL;"2";"2";"0";"0";"0";"0";"0";"0";"0";"0";"0";"1";"0";"0";"0";"0";"0";"0";"0";"0"
"418";"¾Æ½½¾Æ½½ ";"48";"±èÁ¤¿ì ";NULL;"2";"2";"0";"0";"1";"1";"0";"0";"0";"0";"0";"0";"0";"0";"0";"0";"0";"0";"0";"0"
"419";"¾Æ½½¾Æ½½ ";"48";"È«¿µ¹Î ";NULL;"2";"2";"0";"0";"1";"1";"0";"0";"0";"0";"0";"1";"0";"0";"0";"0";"0";"4";"0";"0"
"422";"Civilians ";"49";"À±¿µ¼ö ";NULL;"3";"3";"0";"0";"1";"1";"0";"0";"0";"0";"0";"1";"1";"0";"0";"0";"0";"0";"0";"0"
"423";"Civilians ";"49";"¹ÚÁø¼® ";NULL;"3";"3";"0";"0";"0";"0";"0";"0";"0";"0";"0";"3";"0";"0";"0";"0";"0";"0";"0";"0"
"424";"Civilians ";"49";"¹ÚÃµÈ£ ";NULL;"2";"2";"0";"0";"0";"0";"0";"0";"0";"0";"0";"2";"0";"0";"0";"0";"0";"5";"0";"0"
"425";"Civilians ";"49";"Á¤Áø ";NULL;"2";"2";"0";"0";"0";"0";"0";"0";"0";"0";"0";"1";"0";"0";"0";"0";"0";"0";"0";"0"
"426";"Civilians ";"49";"ÁÖÈ¯ÀÍ ";NULL;"2";"1";"1";"0";"0";"0";"0";"0";"0";"1";"0";"0";"1";"0";"0";"0";"0";"0";"0";"0"
"427";"Civilians ";"49";"±è³«Çö ";NULL;"0";"0";"0";"0";"0";"0";"0";"0";"0";"0";"0";"0";"0";"0";"0";"0";"0";"0";"0";"0"
"428";"Civilians ";"49";"ÀÌÁØ¿ë ";NULL;"2";"2";"2";"0";"1";"1";"0";"0";"0";"0";"0";"0";"1";"0";"0";"0";"0";"0";"0";"0"
"429";"Civilians ";"49";"¼Û¿ìÁø ";NULL;"0";"0";"0";"0";"0";"0";"0";"0";"0";"0";"0";"0";"0";"0";"0";"0";"0";"0";"0";"0"
"430";"Civilians ";"49";"±èµ¿À± ";NULL;"2";"2";"0";"0";"0";"0";"0";"0";"0";"0";"0";"2";"0";"0";"0";"0";"0";"0";"0";"0"
"431";"Civilians ";"49";"¹ÚÁö¿ë ";NULL;"2";"0";"2";"0";"0";"0";"0";"0";"0";"1";"1";"0";"0";"0";"0";"0";"0";"0";"0";"0"
"432";"Civilians ";"49";"ÀÌ¸í±Ô ";NULL;"2";"2";"0";"1";"1";"1";"0";"0";"0";"0";"0";"1";"0";"0";"0";"0";"0";"0";"0";"0"
"434";"D-Dogs ";"50";"Àü°æÈÆ ";NULL;"3";"2";"2";"1";"1";"0";"1";"0";"0";"0";"1";"0";"0";"0";"0";"0";"0";"0";"0";"0"
"435";"D-Dogs ";"50";"ÀÌÁß¹è ";NULL;"0";"0";"0";"0";"0";"0";"0";"0";"0";"0";"0";"0";"0";"0";"0";"0";"0";"0";"0";"0"
"436";"D-Dogs ";"50";"±è¼¼ÈÆ ";NULL;"3";"3";"0";"2";"1";"1";"0";"0";"0";"0";"0";"1";"0";"0";"0";"0";"0";"0";"0";"0"
"438";"D-Dogs ";"50";"±è¿ì¼® ";NULL;"2";"1";"0";"0";"0";"0";"0";"0";"0";"1";"0";"0";"0";"0";"0";"0";"0";"0";"0";"0"
"439";"D-Dogs ";"50";"¹ÚÁ¾ÁÖ ";NULL;"2";"1";"0";"1";"0";"0";"0";"0";"0";"1";"0";"0";"0";"0";"0";"0";"0";"0";"0";"0"
"440";"D-Dogs ";"50";"°­±âÃ¶ ";NULL;"2";"1";"1";"1";"1";"1";"0";"0";"0";"1";"0";"0";"0";"0";"0";"0";"0";"10";"0";"0"
"441";"D-Dogs ";"50";"Àå´Ù¼Ö ";NULL;"2";"2";"0";"0";"0";"0";"0";"0";"0";"0";"0";"2";"0";"0";"0";"0";"0";"0";"0";"0"
"442";"D-Dogs ";"50";"È«´ëÁ¤ ";NULL;"2";"2";"0";"0";"0";"0";"0";"0";"0";"0";"0";"2";"0";"0";"0";"0";"0";"0";"0";"0"
"445";"Civilians ";"51";"±èÁöÇü ";NULL;"4";"1";"4";"3";"1";"1";"0";"0";"0";"2";"1";"0";"1";"0";"0";"0";"0";"0";"0";"0"
"446";"Civilians ";"51";"¹ÚÁö¿ë ";NULL;"2";"0";"2";"0";"0";"0";"0";"0";"0";"2";"0";"0";"1";"0";"0";"0";"0";"0";"0";"0"
"447";"Civilians ";"51";"¹ÚÃµÈ£ ";NULL;"2";"2";"2";"3";"2";"1";"1";"0";"0";"0";"0";"0";"0";"0";"0";"0";"0";"0";"0";"0"
"448";"Civilians ";"51";"±è¼º¿ë ";NULL;"4";"3";"3";"2";"2";"2";"0";"0";"0";"1";"0";"1";"2";"0";"0";"0";"0";"0";"0";"0"
"449";"Civilians ";"51";"Á¤Áø ";NULL;"4";"4";"4";"4";"3";"2";"1";"0";"0";"0";"0";"0";"1";"0";"0";"0";"0";"6";"0";"0"
"450";"Civilians ";"51";"±èµ¿À± ";NULL;"4";"4";"2";"1";"3";"2";"1";"0";"0";"0";"0";"0";"0";"0";"0";"0";"0";"0";"0";"0"
"451";"Civilians ";"51";"±è³«Çö ";NULL;"4";"2";"3";"1";"1";"1";"0";"0";"0";"2";"0";"0";"0";"0";"0";"0";"0";"0";"0";"0"
"452";"Civilians ";"51";"¼Û¿ìÁø ";NULL;"4";"2";"2";"0";"1";"1";"0";"0";"0";"2";"0";"0";"0";"0";"0";"0";"0";"0";"0";"0"
"453";"Civilians ";"51";"Á¤À±¼ö ";NULL;"4";"3";"2";"4";"2";"2";"0";"0";"0";"1";"0";"0";"0";"0";"0";"0";"0";"0";"0";"0"
"454";"Civilians ";"51";"¹ÚÁø¼® ";NULL;"3";"1";"2";"2";"0";"0";"0";"0";"0";"2";"0";"0";"0";"0";"0";"0";"0";"0";"0";"0"
"457";"Metros ";"52";"ÃÖ¼º¶ô ";NULL;"2";"2";"0";"0";"0";"0";"0";"0";"0";"0";"0";"2";"0";"0";"0";"0";"0";"0";"0";"0"
"458";"Metros ";"52";"¹Úº´¼® ";NULL;"2";"2";"0";"0";"0";"0";"0";"0";"0";"0";"0";"2";"0";"0";"0";"0";"0";"0";"0";"0"
"459";"Metros ";"52";"Á¤ÀÎ¿í ";NULL;"1";"1";"0";"0";"0";"0";"0";"0";"0";"0";"0";"1";"0";"0";"0";"0";"0";"0";"0";"0"
"460";"Metros ";"52";"ÃÖ°æÈ£ ";NULL;"1";"1";"1";"0";"1";"1";"0";"0";"0";"0";"0";"0";"1";"0";"0";"0";"0";"0";"0";"0"
"461";"Metros ";"52";"ÃÖ°­Çö ";NULL;"1";"1";"0";"0";"0";"0";"0";"0";"0";"0";"0";"1";"0";"0";"0";"0";"0";"1";"0";"0"
"462";"Metros ";"52";"À¯È¯¼ö ";NULL;"1";"0";"1";"0";"0";"0";"0";"0";"0";"1";"0";"0";"1";"0";"0";"0";"0";"0";"0";"0"
"464";"Metros ";"52";"±è°ÇÈñ ";NULL;"1";"1";"1";"0";"0";"0";"0";"0";"0";"0";"0";"0";"0";"0";"0";"0";"0";"0";"0";"0"
"465";"Metros ";"52";"½Å¼ö¿ë ";NULL;"1";"1";"1";"2";"1";"0";"1";"0";"0";"0";"0";"0";"1";"0";"0";"0";"0";"0";"0";"0"
"469";"¾Æ½½¾Æ½½ ";"53";"ÀÓÀç°ü ";NULL;"3";"1";"2";"0";"0";"0";"0";"0";"0";"2";"0";"0";"0";"0";"0";"0";"0";"0";"0";"0"
"470";"¾Æ½½¾Æ½½ ";"53";"Ç¥Á¤Çö ";NULL;"3";"3";"1";"0";"0";"0";"0";"0";"0";"0";"0";"0";"0";"0";"0";"0";"0";"0";"0";"0"
"471";"¾Æ½½¾Æ½½ ";"53";"º¯ÈÆ ";NULL;"3";"2";"1";"1";"1";"1";"0";"0";"0";"1";"0";"1";"0";"0";"0";"0";"0";"0";"0";"0"
"472";"¾Æ½½¾Æ½½ ";"53";"±èÁ¤¿ì ";NULL;"3";"1";"0";"1";"0";"0";"0";"0";"0";"2";"0";"0";"0";"0";"0";"0";"0";"0";"0";"0"
"473";"¾Æ½½¾Æ½½ ";"53";"±è¼º¼ö ";NULL;"2";"0";"0";"1";"0";"0";"0";"0";"0";"2";"0";"0";"0";"0";"0";"0";"0";"0";"0";"0"
"474";"¾Æ½½¾Æ½½ ";"53";"ÀÌ»ó¸ñ ";NULL;"1";"0";"0";"0";"0";"0";"0";"0";"0";"1";"0";"0";"0";"0";"0";"0";"0";"0";"0";"0"
"475";"¾Æ½½¾Æ½½ ";"53";"±è±â¹ü ";NULL;"3";"2";"0";"1";"1";"1";"0";"0";"0";"1";"0";"1";"0";"0";"0";"0";"0";"0";"0";"0"
"476";"¾Æ½½¾Æ½½ ";"53";"¼­Á¾Áø ";NULL;"1";"1";"0";"0";"0";"0";"0";"0";"0";"0";"0";"1";"0";"0";"0";"0";"0";"0";"0";"0"
"477";"¾Æ½½¾Æ½½ ";"53";"ÀÌ¹®¹è ";NULL;"2";"2";"0";"0";"0";"0";"0";"0";"0";"0";"0";"2";"0";"0";"0";"0";"0";"0";"0";"0"
"478";"¾Æ½½¾Æ½½ ";"53";"È«¿µ¹Î ";NULL;"2";"2";"1";"0";"2";"2";"0";"0";"0";"0";"0";"0";"0";"0";"0";"0";"0";"8";"0";"0"
"481";"Çà´çHits ";"54";"ÀÌ°Ü·¹ ";NULL;"3";"3";"2";"0";"2";"1";"1";"0";"0";"0";"0";"0";"1";"0";"0";"0";"0";"0";"0";"0"
"482";"Çà´çHits ";"54";"¹Ú½ÂÈ¯ ";NULL;"3";"3";"1";"3";"2";"2";"0";"0";"0";"0";"0";"0";"0";"0";"0";"0";"0";"5";"0";"0"
"483";"Çà´çHits ";"54";"À¯ÁÖÅÂ ";NULL;"3";"3";"0";"1";"2";"1";"1";"0";"0";"0";"0";"1";"1";"0";"0";"0";"0";"0";"0";"0"
"484";"Çà´çHits ";"54";"Àü¿µÇ¥ ";NULL;"3";"1";"1";"2";"1";"0";"0";"0";"1";"1";"1";"0";"0";"0";"0";"0";"0";"0";"0";"0"
"485";"Çà´çHits ";"54";"±è°æ¿ø ";NULL;"3";"3";"0";"0";"0";"0";"0";"0";"0";"0";"0";"2";"0";"0";"0";"0";"0";"0";"0";"0"
"486";"Çà´çHits ";"54";"ÀÓ¼ºÈÆ ";NULL;"3";"3";"0";"0";"1";"1";"0";"0";"0";"0";"0";"1";"0";"0";"0";"0";"0";"0";"0";"0"
"487";"Çà´çHits ";"54";"À±ÀçÃµ ";NULL;"2";"2";"0";"0";"0";"0";"0";"0";"0";"0";"0";"2";"0";"0";"0";"0";"0";"0";"0";"0"
"488";"Çà´çHits ";"54";"È²ÀÇ»ó ";NULL;"2";"2";"0";"0";"0";"0";"0";"0";"0";"0";"0";"2";"0";"0";"0";"0";"0";"0";"0";"0"
"489";"Çà´çHits ";"54";"È«ÁØÀÇ ";NULL;"2";"2";"2";"0";"0";"0";"0";"0";"0";"0";"0";"0";"0";"0";"0";"0";"0";"0";"0";"0"
"493";"¾Æ½½¾Æ½½ ";"55";"º¯ÈÆ ";NULL;"3";"3";"2";"0";"3";"3";"0";"0";"0";"0";"0";"0";"0";"0";"0";"0";"0";"0";"0";"0"
"494";"¾Æ½½¾Æ½½ ";"55";"ÀÌ¹®¹è ";NULL;"3";"3";"0";"0";"2";"2";"0";"0";"0";"0";"0";"0";"0";"0";"0";"0";"0";"0";"0";"0"
"495";"¾Æ½½¾Æ½½ ";"55";"¼­Á¾Áø ";NULL;"3";"2";"0";"1";"0";"0";"0";"0";"0";"1";"0";"0";"0";"0";"0";"0";"0";"0";"0";"0"
"496";"¾Æ½½¾Æ½½ ";"55";"±èÁ¤¿ì ";NULL;"3";"3";"1";"0";"0";"0";"0";"0";"0";"0";"0";"0";"0";"0";"0";"0";"0";"0";"0";"0"
"497";"¾Æ½½¾Æ½½ ";"55";"±è±â¹ü ";NULL;"2";"0";"0";"0";"0";"0";"0";"0";"0";"2";"0";"0";"0";"0";"0";"0";"0";"0";"0";"0"
"498";"¾Æ½½¾Æ½½ ";"55";"ÀÌ»ó¸ñ ";NULL;"2";"2";"0";"2";"1";"1";"0";"0";"0";"0";"0";"1";"0";"0";"0";"0";"0";"0";"0";"0"
"499";"¾Æ½½¾Æ½½ ";"55";"ÀÓÀç°ü ";NULL;"2";"2";"0";"0";"1";"1";"0";"0";"0";"0";"0";"1";"0";"0";"0";"0";"0";"0";"0";"0"
"500";"¾Æ½½¾Æ½½ ";"55";"Ç¥Á¤Çö ";NULL;"2";"1";"1";"0";"0";"0";"0";"0";"0";"1";"0";"1";"0";"0";"0";"0";"0";"0";"0";"0"
"501";"¾Æ½½¾Æ½½ ";"55";"È«¿µ¹Î ";NULL;"2";"1";"1";"0";"0";"0";"0";"0";"0";"1";"0";"0";"0";"0";"0";"0";"0";"1";"0";"0"
"505";"D-Dogs ";"56";"¼­ÁØÇõ ";NULL;"4";"4";"2";"2";"1";"1";"0";"0";"0";"0";"0";"0";"1";"0";"0";"0";"0";"0";"0";"0"
"506";"D-Dogs ";"56";"Àü°æÈÆ ";NULL;"4";"4";"1";"1";"1";"1";"0";"0";"0";"0";"0";"1";"1";"0";"0";"0";"0";"0";"0";"0"
"508";"D-Dogs ";"56";"Á¶½ÂÇ¥ ";NULL;"1";"1";"0";"0";"0";"0";"0";"0";"0";"0";"0";"0";"0";"0";"0";"0";"0";"0";"0";"0"
"509";"D-Dogs ";"56";"±è¿ì¼® ";NULL;"4";"4";"3";"5";"3";"2";"0";"0";"1";"0";"0";"0";"1";"0";"0";"0";"0";"3";"0";"0"
"510";"D-Dogs ";"56";"½ÅÁø¹ü ";NULL;"4";"3";"1";"1";"1";"1";"0";"0";"0";"1";"0";"0";"0";"0";"0";"0";"0";"0";"0";"0"
"511";"D-Dogs ";"56";"°­±âÃ¶ ";NULL;"3";"3";"2";"1";"1";"0";"1";"0";"0";"0";"0";"0";"1";"0";"0";"0";"0";"0";"0";"0"
"512";"D-Dogs ";"56";"È«´ëÁ¤ ";NULL;"3";"3";"3";"1";"3";"1";"2";"0";"0";"0";"0";"0";"1";"0";"0";"0";"0";"0";"0";"0"
"513";"D-Dogs ";"56";"ÇãÁ¤ ";NULL;"3";"2";"3";"0";"1";"0";"1";"0";"0";"1";"0";"0";"0";"0";"0";"0";"0";"0";"0";"0"
"516";"Çà´çHits ";"57";"¹ÚÁÖÇü ";NULL;"3";"2";"1";"0";"1";"0";"1";"0";"0";"1";"0";"0";"0";"0";"0";"0";"0";"0";"0";"0"
"517";"Çà´çHits ";"57";"ÀÓ¼ºÈÆ ";NULL;"3";"2";"2";"1";"2";"2";"0";"0";"0";"1";"0";"0";"0";"0";"0";"0";"0";"0";"0";"0"
"518";"Çà´çHits ";"57";"ÀÌ°Ü·¹ ";NULL;"3";"3";"0";"0";"1";"1";"0";"0";"0";"0";"0";"0";"0";"0";"0";"0";"0";"0";"0";"0"
"519";"Çà´çHits ";"57";"Àü¿µÇ¥ ";NULL;"2";"2";"0";"2";"1";"0";"1";"0";"0";"0";"0";"0";"0";"0";"0";"0";"0";"0";"0";"0"
"520";"Çà´çHits ";"57";"¹Ú½ÂÈ¯ ";NULL;"2";"2";"1";"0";"0";"0";"0";"0";"0";"0";"0";"0";"0";"0";"0";"0";"0";"3";"0";"0"
"521";"Çà´çHits ";"57";"±è°æ¿ø ";NULL;"2";"1";"0";"1";"1";"1";"0";"0";"0";"1";"0";"0";"1";"0";"0";"0";"0";"0";"0";"0"
"522";"Çà´çHits ";"57";"À±ÀçÃµ ";NULL;"1";"0";"0";"0";"0";"0";"0";"0";"0";"1";"0";"0";"0";"0";"0";"0";"0";"0";"0";"0"
"523";"Çà´çHits ";"57";"À¯ÁÖÅÂ ";NULL;"1";"1";"0";"0";"0";"0";"0";"0";"0";"0";"0";"0";"0";"0";"0";"0";"0";"0";"0";"0"
"524";"Çà´çHits ";"57";"È²ÀÇ»ó ";NULL;"2";"2";"0";"0";"0";"0";"0";"0";"0";"0";"0";"2";"0";"0";"0";"0";"0";"0";"0";"0"
"525";"Çà´çHits ";"57";"Á¤Çö¼ö ";NULL;"2";"2";"0";"0";"0";"0";"0";"0";"0";"0";"0";"1";"0";"0";"0";"0";"0";"0";"0";"0"
"528";"Â©À¯ ";"58";"¹ÚÁ¤¿ì ";NULL;"3";"3";"1";"0";"1";"1";"0";"0";"0";"0";"0";"0";"1";"0";"0";"0";"0";"0";"0";"0"
"529";"Â©À¯ ";"58";"¹®Á¾¿­ ";NULL;"3";"3";"1";"1";"2";"1";"0";"1";"0";"0";"0";"0";"1";"0";"0";"0";"0";"0";"0";"0"
"530";"Â©À¯ ";"58";"±è¸íÂù ";NULL;"3";"3";"0";"1";"1";"1";"0";"0";"0";"0";"0";"0";"0";"0";"0";"0";"0";"0";"0";"0"
"531";"Â©À¯ ";"58";"±è¿¬°¢ ";NULL;"3";"3";"0";"0";"1";"0";"1";"0";"0";"0";"0";"2";"1";"0";"0";"0";"0";"3";"0";"0"
"532";"Â©À¯ ";"58";"ÀÌ°æÁØ ";NULL;"3";"3";"0";"0";"1";"0";"1";"0";"0";"0";"0";"0";"1";"0";"0";"0";"0";"0";"0";"0"
"533";"Â©À¯ ";"58";"±èÀ±¼º ";NULL;"3";"3";"2";"0";"1";"1";"0";"0";"0";"0";"0";"1";"1";"0";"0";"0";"0";"0";"0";"0"
"534";"Â©À¯ ";"58";"ÃÖÀÏÁØ ";NULL;"2";"2";"1";"0";"2";"2";"0";"0";"0";"0";"0";"0";"1";"0";"0";"0";"0";"0";"0";"0"
"535";"Â©À¯ ";"58";"¹®ÁØÇõ ";NULL;"2";"2";"1";"0";"1";"1";"0";"0";"0";"0";"0";"0";"0";"0";"0";"0";"0";"0";"0";"0"
"536";"Â©À¯ ";"58";"ÃÖÇü½Â ";NULL;"0";"0";"0";"0";"0";"0";"0";"0";"0";"0";"0";"0";"0";"0";"0";"0";"0";"0";"0";"0"
"537";"Â©À¯ ";"58";"¹®Á¤¿ì ";NULL;"2";"1";"0";"0";"0";"0";"0";"0";"0";"0";"1";"1";"0";"0";"0";"0";"0";"0";"0";"0"
"540";"Çà´çHits ";"59";"È²ÀÇ»ó ";NULL;"1";"1";"0";"0";"0";"0";"0";"0";"0";"0";"0";"1";"0";"0";"0";"0";"0";"0";"0";"0"
"541";"Çà´çHits ";"59";"À¯ÁÖÅÂ ";NULL;"3";"2";"0";"0";"1";"1";"0";"0";"0";"0";"1";"0";"0";"0";"0";"0";"0";"0";"0";"0"
"542";"Çà´çHits ";"59";"¹ÚÁÖÇü ";NULL;"3";"2";"0";"0";"0";"0";"0";"0";"0";"1";"0";"0";"1";"0";"0";"0";"0";"0";"0";"0"
"543";"Çà´çHits ";"59";"ÀÌ°Ü·¹ ";NULL;"3";"3";"0";"0";"0";"0";"0";"0";"0";"0";"0";"3";"0";"0";"0";"0";"0";"0";"0";"0"
"544";"Çà´çHits ";"59";"Àü¿µÇ¥ ";NULL;"2";"2";"0";"0";"2";"2";"0";"0";"0";"0";"0";"0";"1";"0";"0";"0";"0";"0";"0";"0"
"545";"Çà´çHits ";"59";"¹Ú½ÂÈ¯ ";NULL;"2";"1";"0";"0";"0";"0";"0";"0";"0";"1";"0";"0";"0";"0";"0";"0";"0";"5";"0";"0"
"546";"Çà´çHits ";"59";"±è°æ¿ø ";NULL;"2";"2";"0";"0";"0";"0";"0";"0";"0";"0";"0";"1";"0";"0";"0";"0";"0";"0";"0";"0"
"547";"Çà´çHits ";"59";"ÀÓ¼ºÈÆ ";NULL;"2";"0";"1";"0";"0";"0";"0";"0";"0";"2";"0";"0";"1";"0";"0";"0";"0";"0";"0";"0"
"548";"Çà´çHits ";"59";"±Ç¼øÈ£ ";NULL;"2";"2";"0";"0";"1";"1";"0";"0";"0";"0";"0";"0";"0";"0";"0";"0";"0";"0";"0";"0"
"549";"Çà´çHits ";"59";"Á¤Çö¼ö ";NULL;"1";"1";"0";"0";"0";"0";"0";"0";"0";"0";"0";"1";"0";"0";"0";"0";"0";"0";"0";"0"
"552";"Civilians ";"60";"±èÁöÇü ";NULL;"3";"2";"1";"0";"2";"1";"1";"0";"0";"1";"0";"0";"2";"0";"0";"0";"0";"0";"0";"0"
"553";"Civilians ";"60";"ÀÌÁ¾ÈÄ ";NULL;"3";"3";"1";"2";"1";"0";"1";"0";"0";"0";"0";"1";"1";"0";"0";"0";"0";"0";"0";"0"
"554";"Civilians ";"60";"À±¿µ¼ö ";NULL;"3";"1";"1";"0";"0";"0";"0";"0";"0";"2";"0";"1";"1";"0";"0";"0";"0";"0";"0";"0"
"555";"Civilians ";"60";"Á¤Áø ";NULL;"3";"3";"1";"0";"1";"0";"1";"0";"0";"0";"0";"1";"1";"0";"0";"0";"0";"0";"0";"0"
"556";"Civilians ";"60";"±èµ¿¿ø ";NULL;"3";"1";"1";"0";"0";"0";"0";"0";"0";"2";"0";"0";"1";"0";"0";"0";"0";"0";"0";"0"
"557";"Civilians ";"60";"¹ÚÃµÈ£ ";NULL;"3";"1";"0";"1";"0";"0";"0";"0";"0";"2";"0";"0";"0";"0";"0";"0";"0";"6";"0";"0"
"558";"Civilians ";"60";"ÇÑÁöÇå ";NULL;"3";"3";"0";"0";"0";"0";"0";"0";"0";"0";"0";"1";"0";"0";"0";"0";"0";"0";"0";"0"
"559";"Civilians ";"60";"¹ÚÁö¿ë ";NULL;"2";"1";"0";"0";"0";"0";"0";"0";"0";"1";"0";"1";"0";"0";"0";"0";"0";"0";"0";"0"
"560";"Civilians ";"60";"±è¿ìÈ¯ ";NULL;"2";"2";"1";"0";"1";"1";"0";"0";"0";"0";"0";"0";"0";"0";"0";"0";"0";"0";"0";"0"
"561";"Çà´çHits ";"60";"Á¤Çö¼ö ";NULL;"1";"1";"0";"0";"0";"0";"0";"0";"0";"0";"0";"1";"0";"0";"0";"0";"0";"0";"0";"0"
"565";"Metros ";"69";"ÃÖ¼º¶ô ";NULL;"2";"1";"1";"0";"0";"0";"0";"0";"0";"1";"0";"1";"0";"0";"0";"0";"0";"0";"0";"0"
"566";"Metros ";"69";"Á¤ÀÎ¿í ";NULL;"2";"2";"0";"0";"0";"0";"0";"0";"0";"0";"0";"2";"0";"0";"0";"0";"0";"3";"0";"0"
"567";"Metros ";"69";"±è°ÇÈñ ";NULL;"2";"2";"0";"0";"0";"0";"0";"0";"0";"0";"0";"1";"0";"0";"0";"0";"0";"0";"0";"0"
"568";"Metros ";"69";"ÃÖ°æÈ£ ";NULL;"2";"2";"0";"0";"1";"0";"1";"0";"0";"0";"0";"1";"0";"0";"0";"0";"0";"0";"0";"0"
"569";"Metros ";"69";"ÀÌ½ÂÈÆ ";NULL;"2";"2";"0";"1";"1";"1";"0";"0";"0";"0";"0";"0";"0";"0";"0";"0";"0";"0";"0";"0"
"570";"Metros ";"69";"À¯È¯¼ö ";NULL;"2";"1";"0";"0";"0";"0";"0";"0";"0";"1";"0";"1";"0";"0";"0";"0";"0";"0";"0";"0"
"571";"Metros ";"69";"¹Úº´¼® ";NULL;"1";"1";"0";"0";"0";"0";"0";"0";"0";"0";"0";"1";"0";"0";"0";"0";"0";"0";"0";"0"
"572";"Metros ";"69";"ÀÌ¹ÎÀç ";NULL;"1";"0";"0";"0";"0";"0";"0";"0";"0";"1";"0";"0";"1";"0";"0";"0";"0";"0";"0";"0"
"573";"Metros ";"69";"¼Õ½Â¹ü ";NULL;"1";"0";"0";"0";"0";"0";"0";"0";"0";"1";"0";"0";"0";"0";"0";"0";"0";"0";"0";"0"
"574";"Â©À¯ ";"70";"³²ÁøÈÆ ";NULL;"3";"1";"1";"0";"0";"0";"0";"0";"0";"2";"0";"0";"1";"0";"0";"0";"0";"0";"0";"0"
"575";"Â©À¯ ";"70";"¹®Á¾¿­ ";NULL;"2";"2";"2";"2";"2";"1";"1";"0";"0";"0";"0";"0";"0";"0";"0";"0";"0";"0";"0";"0"
"576";"Â©À¯ ";"70";"±è¹«°Ç ";NULL;"3";"2";"2";"1";"1";"1";"0";"0";"0";"1";"0";"0";"0";"0";"0";"0";"0";"0";"0";"0"
"577";"Â©À¯ ";"70";"¹ÚÁ¤¿ì ";NULL;"2";"2";"1";"2";"1";"0";"1";"0";"0";"0";"0";"0";"0";"0";"0";"0";"0";"0";"0";"0"
"578";"Â©À¯ ";"70";"¹®ÁØÇõ ";NULL;"5";"4";"3";"1";"2";"2";"0";"0";"0";"1";"0";"0";"2";"0";"0";"0";"0";"0";"0";"0"
"579";"Â©À¯ ";"70";"ÃÖÀÏÁØ ";NULL;"4";"4";"3";"0";"0";"0";"0";"0";"0";"0";"0";"0";"0";"0";"0";"0";"0";"0";"0";"0"
"580";"Â©À¯ ";"70";"±èÀ±¼º ";NULL;"4";"2";"3";"2";"1";"0";"1";"0";"0";"2";"0";"0";"1";"0";"0";"0";"0";"7";"0";"0"
"581";"Â©À¯ ";"70";"±¸Âù¿ì ";NULL;"4";"4";"3";"1";"1";"1";"0";"0";"0";"0";"0";"0";"0";"0";"0";"0";"0";"0";"0";"0"
"582";"Â©À¯ ";"70";"¿©ÇöÃ¶ ";NULL;"4";"3";"3";"2";"2";"2";"0";"0";"0";"1";"0";"1";"0";"0";"0";"0";"0";"0";"0";"0"
"583";"Â©À¯ ";"70";"ÃÖÇü½Â ";NULL;"4";"3";"2";"4";"2";"1";"1";"0";"0";"1";"0";"1";"1";"0";"0";"0";"0";"0";"0";"0"
"584";"Â©À¯ ";"70";"¹®Á¤¿ì ";NULL;"4";"2";"2";"0";"0";"0";"0";"0";"0";"1";"1";"1";"1";"0";"0";"0";"0";"0";"0";"0"
"585";"Metros ";"71";"À¯È¯¼ö ";NULL;"3";"1";"2";"0";"0";"0";"0";"0";"0";"2";"0";"0";"0";"0";"0";"0";"0";"0";"0";"0"
"586";"Metros ";"71";"½Å¼ö¿ë ";NULL;"3";"2";"1";"1";"1";"0";"1";"0";"0";"1";"0";"0";"0";"0";"0";"0";"0";"0";"0";"0"
"587";"Metros ";"71";"ÀÌ½ÂÈÆ ";NULL;"3";"2";"0";"1";"0";"0";"0";"0";"0";"1";"0";"1";"0";"0";"0";"0";"0";"0";"0";"0"
"588";"Metros ";"71";"ÃÖ°æÈ£ ";NULL;"3";"1";"1";"0";"0";"0";"0";"0";"0";"1";"1";"0";"1";"0";"0";"0";"0";"0";"0";"0"
"589";"Metros ";"71";"±èµ¿¼· ";NULL;"2";"1";"0";"1";"0";"0";"0";"0";"0";"0";"1";"1";"0";"0";"0";"0";"0";"0";"0";"0"
"590";"Metros ";"71";"±è°ÇÈñ ";NULL;"2";"2";"0";"1";"1";"1";"0";"0";"0";"0";"0";"0";"1";"0";"0";"0";"0";"0";"0";"0"
"591";"Metros ";"71";"ÀÌ¹ÎÀç ";NULL;"2";"1";"0";"0";"0";"0";"0";"0";"0";"1";"0";"1";"0";"0";"0";"0";"0";"2";"0";"0"
"592";"Metros ";"71";"¹Úº´¼® ";NULL;"2";"1";"1";"0";"0";"0";"0";"0";"0";"1";"0";"1";"0";"0";"0";"0";"0";"0";"0";"0"
"593";"Metros ";"71";"Á¤ÀÎ¿í ";NULL;"2";"0";"1";"0";"0";"0";"0";"0";"0";"1";"1";"0";"0";"0";"0";"0";"0";"0";"0";"0"
"594";"Çà´çHits ";"72";"ÀÌ°Ü·¹ ";NULL;"5";"4";"5";"5";"4";"2";"2";"0";"0";"1";"0";"0";"2";"0";"0";"0";"0";"0";"0";"0"
"595";"Çà´çHits ";"72";"ÀÓ¼ºÈÆ ";NULL;"5";"5";"3";"2";"4";"3";"1";"0";"0";"0";"0";"0";"0";"0";"0";"0";"0";"0";"0";"0"
"596";"Çà´çHits ";"72";"À¯ÁÖÅÂ ";NULL;"5";"3";"3";"2";"1";"0";"1";"0";"0";"2";"0";"0";"2";"0";"0";"0";"0";"0";"0";"0"
"597";"Çà´çHits ";"72";"Àü¿µÇ¥ ";NULL;"5";"4";"3";"4";"2";"2";"0";"0";"0";"1";"0";"0";"2";"0";"0";"0";"0";"0";"0";"0"
"598";"Çà´çHits ";"72";"±è°æ¿ø ";NULL;"5";"1";"4";"1";"0";"0";"0";"0";"0";"4";"0";"1";"0";"0";"0";"0";"0";"0";"0";"0"
"599";"Çà´çHits ";"72";"¹Ú½ÂÈ¯ ";NULL;"4";"0";"3";"1";"0";"0";"0";"0";"0";"3";"1";"0";"0";"0";"0";"0";"0";"4";"0";"0"
"600";"Çà´çHits ";"72";"±Ç¼øÈ£ ";NULL;"4";"2";"3";"5";"2";"2";"0";"0";"0";"2";"0";"0";"0";"0";"0";"0";"0";"0";"0";"0"
"601";"Çà´çHits ";"72";"È«ÁØÀÇ ";NULL;"4";"2";"3";"4";"2";"1";"1";"0";"0";"2";"0";"0";"0";"0";"0";"0";"0";"0";"0";"0"
"602";"Çà´çHits ";"72";"À±ÀçÃµ ";NULL;"4";"2";"3";"3";"1";"1";"0";"0";"0";"1";"1";"1";"0";"0";"0";"0";"0";"0";"0";"0"
"603";"Â©À¯ ";"77";"¹ÚÁ¤¿ì ";NULL;"3";"3";"2";"0";"1";"1";"0";"0";"0";"0";"0";"0";"1";"0";"0";"0";"0";"0";"0";"0"
"604";"Â©À¯ ";"77";"ÀÌÁ¤·æ ";NULL;"3";"2";"2";"0";"1";"0";"1";"0";"0";"1";"0";"0";"2";"0";"0";"0";"0";"0";"0";"0"
"605";"Â©À¯ ";"77";"±è¸íÂù ";NULL;"3";"2";"1";"1";"0";"0";"0";"0";"0";"0";"1";"0";"1";"0";"0";"0";"0";"0";"0";"0"
"606";"Â©À¯ ";"77";"ÃÖÀÏÁØ ";NULL;"2";"2";"0";"0";"0";"0";"0";"0";"0";"0";"0";"2";"0";"0";"0";"0";"0";"0";"0";"0"
"607";"Â©À¯ ";"77";"±è¿¬°¢ ";NULL;"1";"1";"1";"1";"1";"1";"0";"0";"0";"0";"0";"0";"0";"0";"0";"0";"0";"0";"0";"0"
"608";"Â©À¯ ";"77";"±è¹«°Ç ";NULL;"3";"3";"0";"2";"2";"2";"0";"0";"0";"0";"0";"1";"0";"0";"0";"0";"0";"2";"0";"0"
"609";"Â©À¯ ";"77";"³²ÁøÈÆ ";NULL;"2";"2";"0";"0";"0";"0";"0";"0";"0";"0";"0";"1";"0";"0";"0";"0";"0";"0";"0";"0"
"610";"Â©À¯ ";"77";"¹®Á¾¿­ ";NULL;"1";"0";"0";"0";"0";"0";"0";"0";"0";"1";"0";"0";"0";"0";"0";"0";"0";"0";"0";"0"
"611";"Â©À¯ ";"77";"±èÀ±¼º ";NULL;"3";"2";"0";"0";"1";"1";"0";"0";"0";"0";"1";"1";"0";"0";"0";"0";"0";"0";"0";"0"
"612";"Â©À¯ ";"77";"¹®ÁØÇõ ";NULL;"3";"2";"0";"0";"0";"0";"0";"0";"0";"1";"0";"2";"0";"0";"0";"0";"0";"0";"0";"0"
"613";"Â©À¯ ";"77";"¹®Á¤¿ì ";NULL;"2";"1";"0";"0";"0";"0";"0";"0";"0";"1";"0";"1";"0";"0";"0";"0";"0";"0";"0";"0"
"614";"Â©À¯ ";"77";"ÀÌÈ£ÁØ ";NULL;"0";"0";"0";"0";"0";"0";"0";"0";"0";"0";"0";"0";"0";"0";"0";"0";"0";"0";"0";"0"
"615";"D-Dogs ";"78";"¼­ÁØÇõ ";NULL;"4";"3";"1";"1";"0";"0";"0";"0";"0";"1";"0";"0";"1";"0";"0";"0";"0";"0";"0";"0"
"616";"D-Dogs ";"78";"Àü°æÈÆ ";NULL;"4";"4";"2";"3";"1";"0";"0";"0";"1";"0";"0";"0";"0";"0";"0";"0";"0";"0";"0";"0"
"617";"D-Dogs ";"78";"±è¿ì¼® ";NULL;"3";"2";"1";"1";"1";"1";"0";"0";"0";"1";"0";"0";"1";"0";"0";"0";"0";"0";"0";"0"
"618";"D-Dogs ";"78";"±è¼¼ÈÆ ";NULL;"3";"3";"1";"0";"2";"2";"0";"0";"0";"0";"0";"0";"0";"0";"0";"0";"0";"0";"0";"0"
"619";"D-Dogs ";"78";"¾È¼öÇÑ ";NULL;"3";"3";"2";"0";"1";"1";"0";"0";"0";"0";"0";"0";"0";"0";"0";"0";"0";"8";"0";"0"
"620";"D-Dogs ";"78";"ÇãÁ¤ ";NULL;"3";"3";"0";"2";"1";"0";"1";"0";"0";"0";"0";"1";"0";"0";"0";"0";"0";"0";"0";"0"
"621";"D-Dogs ";"78";"½ÅÁø¹ü ";NULL;"2";"2";"0";"1";"0";"0";"0";"0";"0";"0";"0";"0";"0";"0";"0";"0";"0";"0";"0";"0"
"622";"D-Dogs ";"78";"ÀÓÈ¿ÁØ ";NULL;"3";"3";"1";"0";"1";"1";"0";"0";"0";"0";"0";"0";"1";"0";"0";"0";"0";"0";"0";"0"
"623";"D-Dogs ";"78";"Á¶½ÂÇ¥ ";NULL;"2";"2";"1";"0";"1";"0";"1";"0";"0";"0";"0";"0";"0";"0";"0";"0";"0";"0";"0";"0"
"624";"D-Dogs ";"78";"È«´ëÁ¤ ";NULL;"1";"1";"0";"0";"0";"0";"0";"0";"0";"0";"0";"1";"0";"0";"0";"0";"0";"0";"0";"0"
"625";"Â©À¯ ";"79";"¹ÚÁ¤¿ì ";NULL;"2";"2";"0";"0";"1";"0";"1";"0";"0";"0";"0";"0";"1";"0";"0";"0";"0";"0";"0";"0"
"626";"Â©À¯ ";"79";"±è¹«°Ç ";NULL;"2";"2";"0";"0";"0";"0";"0";"0";"0";"0";"0";"2";"0";"0";"0";"0";"0";"0";"0";"0"
"627";"Â©À¯ ";"79";"ÀÌÁ¤·æ ";NULL;"2";"1";"0";"0";"1";"1";"0";"0";"0";"1";"0";"0";"0";"0";"0";"0";"0";"0";"0";"0"
"628";"Â©À¯ ";"79";"±è¿¬°¢ ";NULL;"2";"2";"0";"0";"0";"0";"0";"0";"0";"0";"0";"1";"0";"0";"0";"0";"0";"4";"0";"0"
"629";"Â©À¯ ";"79";"¹®Á¾¿­ ";NULL;"1";"1";"0";"0";"1";"1";"0";"0";"0";"0";"0";"0";"0";"0";"0";"0";"0";"0";"0";"0"
"630";"Â©À¯ ";"79";"¹®Á¤¿ì ";NULL;"1";"1";"0";"0";"0";"0";"0";"0";"0";"0";"0";"0";"0";"0";"0";"0";"0";"0";"0";"0"
"631";"Â©À¯ ";"79";"³²ÁøÈÆ ";NULL;"2";"2";"0";"0";"0";"0";"0";"0";"0";"0";"0";"1";"0";"0";"0";"0";"0";"0";"0";"0"
"632";"Â©À¯ ";"79";"ÀÌÈ£ÁØ ";NULL;"2";"1";"0";"0";"0";"0";"0";"0";"0";"1";"0";"0";"0";"0";"0";"0";"0";"0";"0";"0"
"633";"Â©À¯ ";"79";"±¸Âù¿ì ";NULL;"2";"2";"0";"0";"0";"0";"0";"0";"0";"0";"0";"2";"0";"0";"0";"0";"0";"0";"0";"0"
"634";"Â©À¯ ";"79";"ÃÖÇü½Â ";NULL;"1";"1";"0";"0";"0";"0";"0";"0";"0";"0";"0";"1";"0";"0";"0";"0";"0";"0";"0";"0"
"635";"Bullets ";"80";"ÃÖÁØÈ£ ";NULL;"4";"3";"2";"4";"2";"1";"0";"0";"1";"1";"0";"1";"0";"0";"0";"0";"0";"0";"0";"0"
"636";"Bullets ";"80";"È²Ã¢ÁØ ";NULL;"4";"3";"3";"1";"2";"2";"0";"0";"0";"1";"0";"0";"0";"0";"0";"0";"0";"0";"0";"0"
"637";"Bullets ";"80";"ÀÓÈñ¼· ";NULL;"4";"4";"3";"2";"3";"1";"2";"0";"0";"0";"0";"0";"1";"0";"0";"0";"0";"0";"0";"0"
"638";"Bullets ";"80";"ÀÌ¿µÀç ";NULL;"4";"4";"2";"2";"4";"2";"1";"1";"0";"0";"0";"0";"0";"0";"0";"0";"0";"0";"0";"0"
"639";"Bullets ";"80";"Àü¿ì¶÷ ";NULL;"4";"4";"2";"2";"2";"2";"0";"0";"0";"0";"0";"0";"0";"0";"0";"0";"0";"7";"0";"0"
"640";"Bullets ";"80";"¹ÚÁÖ¿ë ";NULL;"3";"2";"1";"1";"0";"0";"0";"0";"0";"1";"0";"0";"0";"0";"0";"0";"0";"0";"0";"0"
"641";"Bullets ";"80";"À±¼®È£ ";NULL;"0";"0";"0";"0";"0";"0";"0";"0";"0";"0";"0";"0";"0";"0";"0";"0";"0";"0";"0";"0"
"642";"Bullets ";"80";"Á¤ÈÆ¿µ ";NULL;"2";"2";"1";"2";"2";"1";"0";"0";"1";"0";"0";"0";"0";"0";"0";"0";"0";"0";"0";"0"
"643";"Bullets ";"80";"ÀÌ»óÈ£ ";NULL;"3";"3";"0";"0";"0";"0";"0";"0";"0";"0";"0";"3";"0";"0";"0";"0";"0";"0";"0";"0"
"644";"Bullets ";"80";"±è»óÀ± ";NULL;"2";"2";"1";"0";"1";"0";"1";"0";"0";"0";"0";"0";"0";"0";"0";"0";"0";"0";"0";"0"
"645";"Bullets ";"80";"ÀÌ½Ã¿ì ";NULL;"1";"1";"1";"0";"1";"1";"0";"0";"0";"0";"0";"0";"0";"0";"0";"0";"0";"0";"0";"0"
"646";"Aceball ";"81";"ÃÖ±¤¿í ";NULL;"3";"2";"0";"1";"1";"1";"0";"0";"0";"1";"0";"1";"0";"0";"0";"0";"0";"0";"0";"0"
"647";"Aceball ";"81";"ÃÖµ¿¼ø ";NULL;"3";"2";"0";"0";"0";"0";"0";"0";"0";"1";"0";"0";"0";"0";"0";"0";"0";"0";"0";"0"
"648";"Aceball ";"81";"À¯Çü¼® ";NULL;"2";"2";"0";"0";"0";"0";"0";"0";"0";"0";"0";"2";"0";"0";"0";"0";"0";"2";"0";"0"
"649";"Aceball ";"81";"¼ÛÃ¢¿ì ";NULL;"1";"1";"0";"0";"0";"0";"0";"0";"0";"0";"0";"1";"0";"0";"0";"0";"0";"1";"0";"0"
"650";"Aceball ";"81";"±èµ¿Çö ";NULL;"3";"1";"0";"0";"0";"0";"0";"0";"0";"2";"0";"1";"0";"0";"0";"0";"0";"0";"0";"0"
"651";"Aceball ";"81";"¿À¸í±Ù ";NULL;"2";"2";"0";"0";"1";"1";"0";"0";"0";"0";"0";"0";"0";"0";"0";"0";"0";"0";"0";"0"
"652";"Aceball ";"81";"¼Õ¿ë±â ";NULL;"1";"1";"0";"0";"0";"0";"0";"0";"0";"0";"0";"1";"0";"0";"0";"0";"0";"0";"0";"0"
"653";"Aceball ";"81";"ÁÖÇöÈ£ ";NULL;"3";"2";"1";"0";"0";"0";"0";"0";"0";"1";"0";"1";"0";"0";"0";"0";"0";"0";"0";"0"
"654";"Aceball ";"81";"ÀÌ¼º±Ù ";NULL;"2";"1";"1";"0";"0";"0";"0";"0";"0";"1";"0";"0";"0";"0";"0";"0";"0";"0";"0";"0"
"655";"Aceball ";"81";"±èµ¿Çö ";NULL;"2";"2";"0";"0";"0";"0";"0";"0";"0";"0";"0";"1";"0";"0";"0";"0";"0";"0";"0";"0"
"656";"Aceball ";"81";"¹®¿ø±³ ";NULL;"2";"2";"1";"2";"1";"0";"1";"0";"0";"0";"0";"0";"1";"0";"0";"0";"0";"0";"0";"0"
"657";"Civilians ";"82";"±è³«Çö ";NULL;"3";"2";"1";"0";"0";"0";"0";"0";"0";"0";"1";"2";"0";"0";"0";"0";"0";"0";"0";"0"
"658";"Civilians ";"82";"±è¼º¿ë ";NULL;"3";"1";"2";"0";"1";"1";"0";"0";"0";"1";"1";"0";"0";"0";"0";"0";"0";"0";"0";"0"
"659";"Civilians ";"82";"Á¤Áø ";NULL;"3";"3";"1";"1";"2";"0";"2";"0";"0";"0";"0";"0";"1";"0";"0";"0";"0";"0";"0";"0"
"660";"Civilians ";"82";"±èµ¿À± ";NULL;"3";"3";"0";"2";"1";"1";"0";"0";"0";"0";"0";"0";"0";"0";"0";"0";"0";"8";"0";"0"
"661";"Civilians ";"82";"±èµ¿¿ø ";NULL;"3";"2";"0";"0";"0";"0";"0";"0";"0";"1";"0";"1";"0";"0";"0";"0";"0";"0";"0";"0"
"662";"Civilians ";"82";"ÀÌÁ¾ÈÄ ";NULL;"2";"1";"0";"0";"0";"0";"0";"0";"0";"1";"0";"0";"0";"0";"0";"0";"0";"0";"0";"0"
"663";"Civilians ";"82";"ÀÌÁ¾ÇØ ";NULL;"1";"0";"0";"0";"0";"0";"0";"0";"0";"1";"0";"0";"0";"0";"0";"0";"0";"0";"0";"0"
"664";"Civilians ";"82";"±èÁöÇü ";NULL;"3";"3";"0";"1";"2";"2";"0";"0";"0";"0";"0";"0";"0";"0";"0";"0";"0";"0";"0";"0"
"665";"Civilians ";"82";"±è¿ìÈ¯ ";NULL;"3";"2";"1";"0";"1";"0";"0";"1";"0";"1";"0";"0";"0";"0";"0";"0";"0";"0";"0";"0"
"666";"Civilians ";"82";"¹ÚÁö¿ë ";NULL;"2";"2";"1";"1";"1";"0";"1";"0";"0";"0";"0";"0";"1";"0";"0";"0";"0";"0";"0";"0"
"667";"¾Æ½½¾Æ½½ ";"83";"º¯ÈÆ ";NULL;"2";"2";"1";"2";"1";"1";"0";"0";"0";"0";"0";"0";"1";"0";"0";"0";"0";"0";"0";"0"
"668";"¾Æ½½¾Æ½½ ";"83";"¹è°üÈ£ ";NULL;"1";"1";"1";"0";"1";"1";"0";"0";"0";"0";"0";"0";"0";"0";"0";"0";"0";"0";"0";"0"
"669";"¾Æ½½¾Æ½½ ";"83";"±è¼º¼ö ";NULL;"2";"1";"2";"0";"1";"1";"0";"0";"0";"1";"0";"0";"0";"0";"0";"0";"0";"0";"0";"0"
"670";"¾Æ½½¾Æ½½ ";"83";"±è±â¹ü ";NULL;"1";"0";"0";"0";"0";"0";"0";"0";"0";"1";"0";"0";"0";"0";"0";"0";"0";"0";"0";"0"
"671";"¾Æ½½¾Æ½½ ";"83";"ÀÌ»ó¸ñ ";NULL;"3";"2";"3";"1";"0";"0";"0";"0";"0";"1";"0";"0";"0";"0";"0";"0";"0";"0";"0";"0"
"672";"¾Æ½½¾Æ½½ ";"83";"Á¤ÀÎ¼­ ";NULL;"3";"2";"3";"3";"2";"1";"1";"0";"0";"1";"0";"0";"0";"0";"0";"0";"0";"0";"0";"0"
"673";"¾Æ½½¾Æ½½ ";"83";"±è°Ç¿í ";NULL;"3";"3";"3";"6";"3";"0";"3";"0";"0";"0";"0";"0";"3";"0";"0";"0";"0";"0";"0";"0"
"674";"¾Æ½½¾Æ½½ ";"83";"±èÁ¤¿ì ";NULL;"3";"2";"2";"1";"1";"0";"1";"0";"0";"1";"0";"0";"1";"0";"0";"0";"0";"0";"0";"0"
"675";"¾Æ½½¾Æ½½ ";"83";"±èÁöÈÆ ";NULL;"3";"3";"2";"1";"2";"2";"0";"0";"0";"0";"0";"0";"0";"0";"0";"0";"0";"0";"0";"0"
"676";"¾Æ½½¾Æ½½ ";"83";"ÀÓÀç°ü ";NULL;"2";"2";"0";"0";"0";"0";"0";"0";"0";"0";"0";"1";"0";"0";"0";"0";"0";"0";"0";"0"
"677";"¾Æ½½¾Æ½½ ";"83";"È«¿µ¹Î ";NULL;"2";"2";"1";"2";"2";"2";"0";"0";"0";"0";"0";"0";"0";"0";"0";"0";"0";"1";"0";"0"
"678";"Metros ";"84";"ÀÌ¹ÎÀç ";NULL;"2";"2";"0";"0";"1";"1";"0";"0";"0";"0";"0";"1";"0";"0";"0";"0";"0";"0";"0";"0"
"679";"Metros ";"84";"±è°ÇÈñ ";NULL;"2";"1";"2";"0";"1";"1";"0";"0";"0";"1";"0";"0";"1";"0";"0";"0";"0";"0";"0";"0"
"680";"Metros ";"84";"½Å¼ö¿ë ";NULL;"2";"2";"1";"0";"0";"0";"0";"0";"0";"0";"0";"0";"0";"0";"0";"0";"0";"0";"0";"0"
"681";"Metros ";"84";"ÀÌ½ÂÈÆ ";NULL;"2";"2";"1";"0";"0";"0";"0";"0";"0";"0";"0";"0";"0";"0";"0";"0";"0";"0";"0";"0"
"682";"Metros ";"84";"¼Õ½Â¹ü ";NULL;"2";"2";"2";"3";"2";"0";"1";"1";"0";"0";"0";"0";"1";"0";"0";"0";"0";"0";"0";"0"
"683";"Metros ";"84";"À¯È¯¼ö ";NULL;"2";"2";"0";"2";"1";"1";"0";"0";"0";"0";"0";"0";"0";"0";"0";"0";"0";"0";"0";"0"
"684";"Metros ";"84";"ÃÖ¼º¶ô ";NULL;"2";"1";"0";"0";"0";"0";"0";"0";"0";"1";"0";"0";"0";"0";"0";"0";"0";"0";"0";"0"
"685";"Metros ";"84";"ÃÖ¹®±Ô ";NULL;"1";"1";"0";"0";"1";"1";"0";"0";"0";"0";"0";"0";"0";"0";"0";"0";"0";"0";"0";"0"
"686";"Metros ";"84";"±èµ¿¼· ";NULL;"1";"0";"0";"0";"0";"0";"0";"0";"0";"1";"0";"0";"0";"0";"0";"0";"0";"1";"0";"0"
"687";"Civilians ";"61";"±è³«Çö ";NULL;"4";"2";"2";"1";"1";"1";"0";"0";"0";"2";"0";"1";"0";"0";"0";"0";"0";"0";"0";"0"
"688";"Civilians ";"61";"±èÁöÇü ";NULL;"4";"3";"2";"0";"1";"1";"0";"0";"0";"1";"0";"2";"1";"0";"0";"0";"0";"0";"0";"0"
"689";"Civilians ";"61";"Á¤Áø ";NULL;"4";"4";"2";"4";"3";"0";"3";"0";"0";"0";"0";"0";"1";"0";"0";"0";"0";"0";"0";"0"
"690";"Civilians ";"61";"±èµ¿À± ";NULL;"4";"3";"3";"3";"2";"0";"2";"0";"0";"1";"0";"0";"0";"0";"0";"0";"0";"1";"0";"0"
"691";"Civilians ";"61";"±èµ¿¿ø ";NULL;"4";"4";"3";"4";"3";"1";"1";"0";"1";"0";"0";"1";"0";"0";"0";"0";"0";"3";"0";"0"
"692";"Civilians ";"61";"À±¿µ¼ö ";NULL;"4";"4";"4";"3";"4";"2";"1";"0";"1";"0";"0";"0";"1";"0";"0";"0";"0";"0";"0";"0"
"693";"Civilians ";"61";"¼Û¿ìÁø ";NULL;"3";"2";"1";"4";"2";"2";"0";"0";"0";"0";"1";"0";"0";"0";"0";"0";"0";"0";"0";"0"
"694";"Civilians ";"61";"ÀÌÁ¾ÇØ ";NULL;"3";"2";"1";"0";"1";"1";"0";"0";"0";"1";"0";"1";"0";"0";"0";"0";"0";"0";"0";"0"
"695";"Civilians ";"61";"¹ÚÁö¿ë ";NULL;"2";"2";"0";"1";"1";"1";"0";"0";"0";"0";"0";"0";"1";"0";"0";"0";"0";"0";"0";"0"
"696";"Civilians ";"61";"±è¼º¿ë ";NULL;"1";"0";"1";"0";"0";"0";"0";"0";"0";"1";"0";"0";"0";"0";"0";"0";"0";"0";"0";"0"
"697";"¾Æ½½¾Æ½½ ";"62";"º¯ÈÆ ";NULL;"3";"3";"1";"0";"2";"1";"1";"0";"0";"0";"0";"0";"0";"0";"0";"0";"0";"0";"0";"0"
"698";"¾Æ½½¾Æ½½ ";"62";"±è¼º¼ö ";NULL;"2";"1";"0";"0";"0";"0";"0";"0";"0";"1";"0";"0";"0";"0";"0";"0";"0";"0";"0";"0"
"699";"¾Æ½½¾Æ½½ ";"62";"Á¤ÀÎ¼­ ";NULL;"1";"0";"1";"0";"0";"0";"0";"0";"0";"1";"0";"0";"0";"0";"0";"0";"0";"0";"0";"0"
"700";"¾Æ½½¾Æ½½ ";"62";"ÀÌÇÑ°á ";NULL;"3";"2";"0";"2";"2";"2";"0";"0";"0";"1";"0";"0";"0";"0";"0";"0";"0";"0";"0";"0"
"701";"¾Æ½½¾Æ½½ ";"62";"±è°Ç¿í ";NULL;"3";"2";"0";"0";"0";"0";"0";"0";"0";"1";"0";"0";"0";"0";"0";"0";"0";"0";"0";"0"
"702";"¾Æ½½¾Æ½½ ";"62";"ÀÌ»ó¸ñ ";NULL;"3";"3";"0";"0";"0";"0";"0";"0";"0";"0";"0";"1";"0";"0";"0";"0";"0";"0";"0";"0"
"703";"¾Æ½½¾Æ½½ ";"62";"±è±Ô¾ð ";NULL;"2";"2";"0";"0";"0";"0";"0";"0";"0";"0";"0";"2";"0";"0";"0";"0";"0";"0";"0";"0"
"704";"¾Æ½½¾Æ½½ ";"62";"Á¤È£¿­ ";NULL;"0";"0";"0";"0";"0";"0";"0";"0";"0";"0";"0";"0";"0";"0";"0";"0";"0";"0";"0";"0"
"705";"¾Æ½½¾Æ½½ ";"62";"±èÁöÈÆ ";NULL;"2";"2";"0";"0";"0";"0";"0";"0";"0";"0";"0";"0";"0";"0";"0";"0";"0";"0";"0";"0"
"706";"¾Æ½½¾Æ½½ ";"62";"±ÇÀçÈ£ ";NULL;"1";"1";"0";"0";"0";"0";"0";"0";"0";"0";"0";"1";"0";"0";"0";"0";"0";"0";"0";"0"
"707";"¾Æ½½¾Æ½½ ";"62";"Á¤ÇØ±Ç ";NULL;"1";"1";"0";"0";"1";"1";"0";"0";"0";"0";"0";"0";"0";"0";"0";"0";"0";"0";"0";"0"
"708";"¾Æ½½¾Æ½½ ";"62";"È«¿µ¹Î ";NULL;"2";"1";"1";"0";"0";"0";"0";"0";"0";"1";"0";"0";"1";"0";"0";"0";"0";"5";"0";"0"
"709";"Civilians ";"63";"À±¿µ¼ö ";NULL;"3";"3";"1";"0";"1";"0";"1";"0";"0";"0";"0";"0";"1";"0";"0";"0";"0";"0";"0";"0"
"710";"Civilians ";"63";"¹ÚÃµÈ£ ";NULL;"3";"1";"2";"0";"0";"0";"0";"0";"0";"2";"0";"0";"0";"0";"0";"0";"0";"0";"0";"0"
"711";"Civilians ";"63";"±èµ¿¿ø ";NULL;"3";"3";"3";"4";"3";"2";"0";"0";"1";"0";"0";"0";"0";"0";"0";"0";"0";"0";"0";"0"
"712";"Civilians ";"63";"±èµ¿À± ";NULL;"3";"3";"2";"4";"2";"0";"1";"0";"1";"0";"0";"1";"0";"0";"0";"0";"0";"3";"0";"0"
"713";"Civilians ";"63";"Á¤Áø ";NULL;"3";"3";"1";"1";"3";"2";"1";"0";"0";"0";"0";"0";"0";"0";"0";"0";"0";"0";"0";"0"
"714";"Civilians ";"63";"±èÁöÇü ";NULL;"3";"3";"1";"0";"0";"0";"0";"0";"0";"0";"0";"0";"1";"0";"0";"0";"0";"0";"0";"0"
"715";"Civilians ";"63";"¼Û¿ìÁø ";NULL;"3";"2";"2";"3";"1";"0";"0";"0";"1";"1";"0";"0";"0";"0";"0";"0";"0";"0";"0";"0"
"716";"Civilians ";"63";"ÀÌÁ¾ÇØ ";NULL;"3";"1";"1";"0";"0";"0";"0";"0";"0";"2";"0";"1";"0";"0";"0";"0";"0";"0";"0";"0"
"717";"Civilians ";"63";"±è¼º¿ë ";NULL;"2";"1";"1";"1";"1";"1";"0";"0";"0";"1";"0";"0";"0";"0";"0";"0";"0";"0";"0";"0"
"718";"Â©À¯ ";"64";"±èÀ±¼º ";NULL;"3";"2";"1";"0";"1";"1";"0";"0";"0";"1";"0";"1";"1";"0";"0";"0";"0";"0";"0";"0"
"719";"Â©À¯ ";"64";"±è¸íÂù ";NULL;"3";"2";"2";"1";"1";"1";"0";"0";"0";"1";"0";"0";"0";"0";"0";"0";"0";"0";"0";"0"
"720";"Â©À¯ ";"64";"±è¿¬°¢ ";NULL;"2";"1";"1";"1";"0";"0";"0";"0";"0";"1";"0";"0";"0";"0";"0";"0";"0";"2";"0";"0"
"721";"Â©À¯ ";"64";"ÃÖÀÏÁØ ";NULL;"2";"2";"1";"1";"1";"0";"1";"0";"0";"0";"0";"0";"0";"0";"0";"0";"0";"0";"0";"0"
"722";"Â©À¯ ";"64";"¹®Á¾¿­ ";NULL;"2";"2";"1";"1";"1";"1";"0";"0";"0";"0";"0";"1";"0";"0";"0";"0";"0";"0";"0";"0"
"723";"Â©À¯ ";"64";"±è¿ì°æ ";NULL;"1";"0";"1";"0";"0";"0";"0";"0";"0";"1";"0";"0";"0";"0";"0";"0";"0";"0";"0";"0"
"724";"Â©À¯ ";"64";"¿©ÇöÃ¶ ";NULL;"1";"0";"0";"1";"0";"0";"0";"0";"0";"1";"0";"0";"0";"0";"0";"0";"0";"0";"0";"0"
"725";"Â©À¯ ";"64";"ÃÖÇü½Â ";NULL;"2";"2";"0";"2";"1";"1";"0";"0";"0";"0";"0";"1";"0";"0";"0";"0";"0";"0";"0";"0"
"726";"Â©À¯ ";"64";"±¸Âù¿ì ";NULL;"2";"1";"1";"0";"0";"0";"0";"0";"0";"0";"1";"0";"0";"0";"0";"0";"0";"0";"0";"0"
"727";"Â©À¯ ";"64";"¹®Á¤¿ì ";NULL;"2";"1";"1";"0";"0";"0";"0";"0";"0";"1";"0";"0";"0";"0";"0";"0";"0";"0";"0";"0"
"728";"Çà´çHits ";"67";"ÀÌ°Ü·¹ ";NULL;"2";"2";"0";"0";"0";"0";"0";"0";"0";"0";"0";"0";"0";"0";"0";"0";"0";"0";"0";"0"
"729";"Çà´çHits ";"67";"¹ÚÁÖÇü ";NULL;"1";"1";"0";"0";"0";"0";"0";"0";"0";"0";"0";"1";"0";"0";"0";"0";"0";"0";"0";"0"
"730";"Çà´çHits ";"67";"¹Ú½ÂÈ¯ ";NULL;"1";"0";"0";"0";"0";"0";"0";"0";"0";"1";"0";"0";"0";"0";"0";"0";"0";"3";"0";"0"
"731";"Çà´çHits ";"67";"Àü¿µÇ¥ ";NULL;"1";"1";"0";"0";"0";"0";"0";"0";"0";"0";"0";"1";"0";"0";"0";"0";"0";"0";"0";"0"
"732";"Çà´çHits ";"67";"±è°æ¿ø ";NULL;"1";"1";"0";"0";"0";"0";"0";"0";"0";"0";"0";"1";"0";"0";"0";"0";"0";"0";"0";"0"
"733";"Çà´çHits ";"67";"ÀÓ¼ºÈÆ ";NULL;"1";"0";"0";"0";"0";"0";"0";"0";"0";"1";"0";"0";"0";"0";"0";"0";"0";"0";"0";"0"
"734";"Çà´çHits ";"67";"À¯ÁÖÅÂ ";NULL;"1";"1";"0";"0";"0";"0";"0";"0";"0";"0";"0";"0";"0";"0";"0";"0";"0";"0";"0";"0"
"735";"Çà´çHits ";"67";"À±ÀçÃµ ";NULL;"1";"0";"0";"0";"0";"0";"0";"0";"0";"1";"0";"0";"0";"0";"0";"0";"0";"0";"0";"0"
"736";"Çà´çHits ";"67";"È²ÀÇ»ó ";NULL;"1";"1";"0";"0";"0";"0";"0";"0";"0";"0";"0";"1";"0";"0";"0";"0";"0";"0";"0";"0"
"737";"Bullets ";"68";"¹é±¤¼± ";NULL;"4";"2";"2";"1";"0";"0";"0";"0";"0";"2";"0";"1";"0";"0";"0";"0";"0";"0";"0";"0"
"738";"Bullets ";"68";"±èÀ¯¿µ ";NULL;"3";"2";"2";"4";"2";"1";"1";"0";"0";"1";"0";"0";"0";"0";"0";"0";"0";"0";"0";"0"
"739";"Bullets ";"68";"º¹Á¾¿í ";NULL;"1";"0";"0";"1";"0";"0";"0";"0";"0";"1";"0";"0";"0";"0";"0";"0";"0";"0";"0";"0"
"740";"Bullets ";"68";"Àü¿ì¶÷ ";NULL;"3";"3";"1";"0";"1";"1";"0";"0";"0";"0";"0";"0";"0";"0";"0";"0";"0";"0";"0";"0"
"741";"Bullets ";"68";"½ÉÁ¤Çö ";NULL;"1";"1";"0";"2";"1";"0";"1";"0";"0";"0";"0";"0";"0";"0";"0";"0";"0";"0";"0";"0"
"742";"Bullets ";"68";"ÀÌ¿µÀç ";NULL;"3";"2";"2";"1";"2";"0";"2";"0";"0";"1";"0";"0";"0";"0";"0";"0";"0";"0";"0";"0"
"743";"Bullets ";"68";"ÃÖÁØÈ£ ";NULL;"3";"2";"2";"2";"1";"1";"0";"0";"0";"1";"0";"1";"1";"0";"0";"0";"0";"4";"0";"0"
"744";"Bullets ";"68";"È²Ã¢ÁØ ";NULL;"3";"2";"2";"1";"1";"1";"0";"0";"0";"1";"0";"0";"0";"0";"0";"0";"0";"0";"0";"0"
"745";"Bullets ";"68";"±è»ó¿í ";NULL;"2";"2";"2";"3";"1";"0";"0";"1";"0";"0";"0";"0";"0";"0";"0";"0";"0";"0";"0";"0"
"746";"Bullets ";"68";"ÀÌ½Ã¿ì ";NULL;"1";"1";"1";"0";"0";"0";"0";"0";"0";"0";"0";"0";"0";"0";"0";"0";"0";"0";"0";"0"
"747";"Bullets ";"68";"ÀÌ»óÈ£ ";NULL;"2";"1";"1";"0";"0";"0";"0";"0";"0";"1";"0";"1";"0";"0";"0";"0";"0";"0";"0";"0"
"748";"Bullets ";"68";"À±¼®È£ ";NULL;"1";"1";"0";"1";"0";"0";"0";"0";"0";"0";"0";"0";"0";"0";"0";"0";"0";"0";"0";"0"
"749";"Bullets ";"68";"±èÁ¤ÈÆ ";NULL;"3";"2";"2";"1";"1";"1";"0";"0";"0";"1";"0";"0";"0";"0";"0";"0";"0";"0";"0";"0"
"750";"Bullets ";"75";"±èÀ¯¿µ ";NULL;"2";"1";"2";"0";"1";"0";"1";"0";"0";"1";"0";"0";"1";"0";"0";"0";"0";"0";"0";"0"
"751";"Bullets ";"75";"±è¹ü½Ä ";NULL;"1";"0";"1";"0";"0";"0";"0";"0";"0";"1";"0";"0";"0";"0";"0";"0";"0";"0";"0";"0"
"752";"Bullets ";"75";"±è°æÈ¯ ";NULL;"3";"2";"1";"1";"1";"1";"0";"0";"0";"1";"0";"0";"0";"0";"0";"0";"0";"0";"0";"0"
"753";"Bullets ";"75";"ÀÌ½Ã¿ì ";NULL;"3";"3";"2";"0";"0";"0";"0";"0";"0";"0";"0";"1";"0";"0";"0";"0";"0";"0";"0";"0"
"754";"Bullets ";"75";"Àü¿ì¶÷ ";NULL;"3";"2";"3";"1";"1";"1";"0";"0";"0";"0";"1";"0";"0";"0";"0";"0";"0";"0";"0";"0"
"755";"Bullets ";"75";"±è¼ºÀ± ";NULL;"3";"3";"2";"6";"2";"0";"0";"0";"2";"0";"0";"0";"0";"0";"0";"0";"0";"0";"0";"0"
"756";"Bullets ";"75";"À¯Àç¼® ";NULL;"3";"2";"0";"0";"0";"0";"0";"0";"0";"1";"0";"1";"0";"0";"0";"0";"0";"0";"0";"0"
"757";"Bullets ";"75";"ÃÖÁØÈ£ ";NULL;"3";"3";"0";"0";"0";"0";"0";"0";"0";"0";"0";"0";"0";"0";"0";"0";"0";"7";"0";"0"
"758";"Bullets ";"75";"º¹Á¾¿í ";NULL;"1";"1";"0";"0";"0";"0";"0";"0";"0";"0";"0";"1";"0";"0";"0";"0";"0";"0";"0";"0"
"759";"Bullets ";"75";"À±¼®È£ ";NULL;"1";"0";"1";"0";"0";"0";"0";"0";"0";"1";"0";"0";"0";"0";"0";"0";"0";"0";"0";"0"
"760";"Bullets ";"75";"½ÉÁ¤Çö ";NULL;"2";"2";"1";"1";"1";"0";"1";"0";"0";"0";"0";"0";"1";"0";"0";"0";"0";"0";"0";"0"
"761";"Aceball ";"76";"È«¼®½Â ";NULL;"2";"1";"1";"0";"0";"0";"0";"0";"0";"1";"0";"0";"0";"0";"0";"0";"0";"0";"0";"0"
"762";"Aceball ";"76";"ÀÌ¼º±Ù ";NULL;"2";"2";"0";"1";"1";"0";"1";"0";"0";"0";"0";"0";"0";"0";"0";"0";"0";"0";"0";"0"
"763";"Aceball ";"76";"À¯Çü¼® ";NULL;"2";"2";"0";"0";"0";"0";"0";"0";"0";"0";"0";"1";"0";"0";"0";"0";"0";"3";"0";"0"
"764";"Aceball ";"76";"ÃÖµ¿¼ø ";NULL;"2";"2";"0";"0";"0";"0";"0";"0";"0";"0";"0";"2";"0";"0";"0";"0";"0";"0";"0";"0"
"765";"Aceball ";"76";"±èµ¿Çö ";NULL;"1";"0";"0";"0";"0";"0";"0";"0";"0";"1";"0";"0";"0";"0";"0";"0";"0";"0";"0";"0"
"766";"Aceball ";"76";"¼­µ¿ÀÍ ";NULL;"1";"1";"0";"0";"0";"0";"0";"0";"0";"0";"0";"0";"0";"0";"0";"0";"0";"0";"0";"0"
"767";"Aceball ";"76";"±èµ¿Çö ";NULL;"2";"2";"0";"0";"0";"0";"0";"0";"0";"0";"0";"1";"0";"0";"0";"0";"0";"0";"0";"0"
"768";"Aceball ";"76";"¼Õ¿ë±â ";NULL;"2";"2";"0";"0";"1";"1";"0";"0";"0";"0";"0";"1";"0";"0";"0";"0";"0";"0";"0";"0"
"769";"Aceball ";"76";"ÀÎ±âÃ¶ ";NULL;"2";"2";"0";"0";"0";"0";"0";"0";"0";"0";"0";"1";"0";"0";"0";"0";"0";"0";"0";"0"
"770";"Aceball ";"76";"±è¹ü½Ä ";NULL;"1";"1";"0";"0";"0";"0";"0";"0";"0";"0";"0";"1";"0";"0";"0";"0";"0";"0";"0";"0"
"771";"Â©À¯";"90";"¹ÚÁ¤¿ì";NULL;"3";"3";"2";"1";"2";"2";"0";"0";"0";"0";"0";"0";"2";"0";"0";"1";"0";"0";"0";"0"
"772";"Â©À¯";"90";"¹®ÁØÇõ";NULL;"3";"3";"1";"0";"1";"1";"0";"0";"0";"0";"0";"2";"0";"0";"0";"0";"0";"0";"0";"0"
"773";"Â©À¯";"90";"±è¸íÂù";"12";"3";"2";"1";"1";"1";"1";"0";"0";"0";"0";"0";"0";"0";"0";"1";"0";"1";"0";"0";"0"
"774";"Â©À¯";"90";"¹®Á¾¿­";NULL;"3";"3";"1";"0";"2";"2";"0";"0";"0";"0";"0";"0";"1";"0";"0";"1";"0";"0";"0";"0"
"775";"Â©À¯";"90";"±è¿¬°¢";NULL;"3";"2";"0";"0";"0";"0";"0";"0";"0";"0";"1";"1";"0";"0";"0";"1";"0";"0";"0";"0"
"776";"Â©À¯";"90";"ÃÖÀÏÁØ";NULL;"3";"1";"0";"1";"1";"1";"0";"0";"0";"2";"0";"0";"0";"0";"0";"0";"0";"0";"0";"0"
"777";"Â©À¯";"90";"±¸Âù¿ì";NULL;"3";"2";"1";"1";"0";"0";"0";"0";"0";"1";"0";"1";"2";"0";"0";"1";"0";"0";"0";"0"
"778";"Â©À¯";"90";"±èÀçÇö";"10";"3";"0";"0";"0";"0";"0";"0";"0";"0";"0";"0";"2";"0";"0";"0";"1";"0";"0";"0";"0"
"779";"Â©À¯";"90";"¹®Á¤¿ì";NULL;"2";"1";"0";"0";"0";"0";"0";"0";"0";"1";"0";"0";"1";"0";"0";"1";"0";"0";"0";"0"
"780";"Â©À¯";"91";"ÀÌÁ¤·æ";NULL;"3";"3";"1";"0";"1";"1";"0";"0";"0";"0";"0";"0";"1";"0";"0";"1";"1";"0";"0";"0"
"781";"Â©À¯";"91";"ÀÌ°æÁØ";NULL;"2";"2";"1";"1";"1";"0";"1";"0";"0";"0";"0";"0";"1";"0";"0";"0";"1";"0";"0";"0"
"782";"Â©À¯";"91";"¹ÚÁ¤¿ì";NULL;"2";"1";"1";"0";"0";"0";"0";"0";"0";"1";"0";"0";"1";"0";"0";"0";"1";"0";"0";"0"
"783";"Â©À¯";"91";"ÃÖÀÏÁØ";NULL;"2";"2";"0";"0";"0";"0";"0";"0";"0";"0";"0";"1";"0";"0";"0";"0";"1";"0";"0";"0"
"784";"Â©À¯";"91";"¹®Á¤¿ì";NULL;"0";"0";"0";"0";"0";"0";"0";"0";"0";"0";"0";"0";"0";"0";"0";"0";"0";"0";"0";"0"
"785";"Â©À¯";"91";"±è¸íÂù";"12";"2";"2";"1";"0";"0";"0";"0";"0";"0";"0";"0";"0";"0";"0";"0";"1";"1";"0";"0";"0"
"786";"Â©À¯";"91";"¹®Á¾¿­";NULL;"2";"2";"0";"1";"1";"1";"0";"0";"0";"0";"0";"0";"0";"0";"0";"1";"0";"0";"0";"0"
"787";"Â©À¯";"91";"¼­ÁØ»ó";NULL;"2";"2";"1";"0";"0";"0";"0";"0";"0";"0";"0";"1";"1";"0";"0";"1";"0";"0";"0";"0"
"788";"Â©À¯";"91";"¹®ÁØÇõ";NULL;"2";"2";"0";"1";"0";"0";"0";"0";"0";"0";"0";"0";"0";"0";"0";"2";"0";"0";"0";"0"
"789";"Â©À¯";"91";"±è¿ì°æ";NULL;"1";"1";"0";"0";"0";"0";"0";"0";"0";"0";"0";"1";"0";"0";"0";"0";"0";"0";"0";"0"
"790";"Â©À¯";"91";"ÃÖÇü½Â";NULL;"1";"1";"0";"0";"1";"1";"0";"0";"0";"0";"0";"0";"0";"0";"0";"0";"0";"0";"0";"0"
"791";"Â©À¯";"92";"¹ÚÁ¤¿ì";NULL;"5";"5";"2";"3";"2";"2";"0";"0";"0";"0";"0";"0";"2";"0";"0";"1";"2";"0";"0";"0"
"792";"Â©À¯";"92";"ÀÌ°æÁØ";NULL;"5";"4";"2";"1";"1";"0";"1";"0";"0";"1";"0";"3";"0";"0";"0";"0";"0";"0";"0";"0"
"793";"Â©À¯";"92";"±è¸íÂù";"12";"4";"3";"2";"2";"2";"2";"0";"0";"0";"0";"1";"0";"1";"0";"0";"1";"0";"0";"0";"0"
"794";"Â©À¯";"92";"¹®Á¾¿­";NULL;"4";"3";"1";"1";"0";"0";"0";"0";"0";"1";"0";"0";"1";"0";"0";"1";"2";"0";"0";"0"
"795";"Â©À¯";"92";"ÃÖÀÏÁØ";NULL;"4";"2";"0";"1";"0";"0";"0";"0";"0";"2";"0";"0";"0";"0";"0";"2";"0";"0";"0";"0"
"796";"Â©À¯";"92";"±èÀ±¼º";NULL;"4";"1";"1";"0";"0";"0";"0";"0";"0";"2";"1";"1";"0";"0";"0";"0";"0";"0";"0";"0"
"797";"Â©À¯";"92";"±¸Âù¿ì";NULL;"4";"4";"2";"2";"1";"1";"0";"0";"0";"0";"0";"1";"2";"0";"0";"2";"0";"0";"0";"0"
"798";"Â©À¯";"92";"¹®Á¤¿ì";NULL;"4";"1";"3";"0";"0";"0";"0";"0";"0";"3";"0";"0";"2";"0";"0";"1";"0";"0";"0";"0"
"799";"Â©À¯";"92";"±è¿ì°æ";NULL;"4";"3";"1";"2";"0";"0";"0";"0";"0";"1";"0";"1";"0";"0";"0";"2";"0";"0";"0";"0"
"800";"Â©À¯";"93";"¹ÚÁ¤¿ì";NULL;"4";"4";"3";"1";"2";"1";"1";"0";"0";"0";"0";"0";"1";"0";"0";"0";"2";"0";"0";"0"
"801";"Â©À¯";"93";"ÃÖÀÏÁØ";NULL;"4";"4";"2";"3";"0";"0";"0";"0";"0";"0";"0";"1";"1";"0";"0";"3";"0";"0";"0";"0"
"802";"Â©À¯";"93";"±è¸íÂù";NULL;"4";"3";"1";"0";"1";"1";"0";"0";"0";"1";"0";"2";"1";"0";"0";"0";"0";"0";"0";"0"
"803";"Â©À¯";"93";"¹®Á¾¿­";NULL;"3";"2";"1";"1";"1";"1";"0";"0";"0";"0";"1";"0";"1";"0";"0";"0";"1";"0";"0";"0"
"804";"Â©À¯";"93";"¹®Á¤¿ì";NULL;"3";"2";"0";"1";"1";"1";"0";"0";"0";"1";"0";"0";"2";"0";"0";"1";"0";"0";"0";"0"
"805";"Â©À¯";"93";"ÃÖÇü½Â";NULL;"3";"2";"0";"0";"0";"0";"0";"0";"0";"1";"0";"2";"0";"0";"0";"0";"0";"0";"0";"0"
"806";"Â©À¯";"93";"±¸Âù¿ì";NULL;"3";"0";"1";"1";"0";"0";"0";"0";"0";"1";"2";"0";"1";"0";"0";"0";"0";"0";"0";"0"
